5/10/2022 14:49:8, Sensor_002, Graz, 23.71, 42.73, 99936.88, 1426, 5021, 3595, 420.08, 265, 376, 476, 566, -59
5/10/2022 14:49:18, Sensor_002, Graz, 23.71, 42.70, 99936.00, 1430, 5031, 3601, 420.64, 264, 376, 475, 567, -60
5/10/2022 14:49:29, Sensor_002, Graz, 23.68, 42.74, 99935.38, 1431, 5036, 3605, 421.16, 264, 375, 475, 566, -61
5/10/2022 14:49:39, Sensor_002, Graz, 23.68, 42.70, 99936.12, 1428, 5026, 3598, 420.36, 265, 376, 475, 566, -60
5/10/2022 14:49:50, Sensor_002, Graz, 23.68, 42.71, 99937.81, 1426, 5016, 3590, 419.33, 265, 376, 475, 567, -61
5/10/2022 14:50:0, Sensor_002, Graz, 23.68, 42.73, 99938.00, 1424, 5009, 3585, 418.74, 265, 376, 476, 566, -63
5/10/2022 14:50:11, Sensor_002, Graz, 23.67, 42.68, 99937.50, 1425, 5013, 3588, 419.11, 265, 376, 475, 566, -64
5/10/2022 14:50:22, Sensor_002, Graz, 23.67, 42.73, 99937.19, 1424, 5007, 3583, 418.44, 265, 375, 476, 566, -63
5/10/2022 14:50:32, Sensor_002, Graz, 23.69, 42.74, 99935.62, 1425, 5007, 3582, 418.21, 265, 375, 475, 566, -63
5/10/2022 14:50:43, Sensor_002, Graz, 23.68, 42.73, 99936.31, 1424, 5007, 3583, 418.44, 265, 376, 475, 566, -66
5/10/2022 14:50:53, Sensor_002, Graz, 23.68, 42.78, 99934.69, 1429, 5020, 3591, 419.23, 265, 376, 476, 566, -64
5/10/2022 14:51:4, Sensor_002, Graz, 23.67, 42.74, 99936.50, 1431, 5026, 3595, 419.66, 265, 376, 475, 567, -65
5/10/2022 14:51:14, Sensor_002, Graz, 23.65, 42.71, 99936.44, 1434, 5035, 3601, 420.31, 265, 375, 474, 566, -60
5/10/2022 14:51:25, Sensor_002, Graz, 23.65, 42.74, 99935.94, 1438, 5047, 3609, 421.17, 264, 375, 476, 566, -63
5/10/2022 14:51:35, Sensor_002, Graz, 23.68, 42.79, 99935.69, 1442, 5060, 3618, 422.19, 264, 376, 479, 567, -63
5/10/2022 14:51:46, Sensor_002, Graz, 23.67, 42.77, 99937.88, 1449, 5078, 3629, 423.25, 264, 376, 476, 566, -64
5/10/2022 14:51:56, Sensor_002, Graz, 23.67, 42.71, 99934.81, 1455, 5095, 3640, 424.40, 266, 377, 484, 566, -62
5/10/2022 14:52:7, Sensor_002, Graz, 23.64, 42.78, 99936.62, 1457, 5102, 3645, 424.99, 266, 376, 476, 566, -62
5/10/2022 14:52:17, Sensor_002, Graz, 23.67, 42.77, 99935.75, 1460, 5112, 3652, 425.79, 266, 376, 476, 566, -63
5/10/2022 14:52:28, Sensor_002, Graz, 23.65, 42.75, 99937.19, 1462, 5117, 3655, 426.07, 266, 376, 477, 566, -63
5/10/2022 14:52:38, Sensor_002, Graz, 23.68, 42.77, 99936.06, 1462, 5118, 3656, 426.22, 265, 376, 477, 567, -62
5/10/2022 14:52:49, Sensor_002, Graz, 23.65, 42.72, 99937.50, 1461, 5113, 3652, 425.70, 265, 376, 475, 566, -65
5/10/2022 14:53:10, Sensor_002, Graz, 23.69, 42.75, 99935.31, 1460, 5111, 3651, 425.64, 265, 375, 476, 566, -63
5/10/2022 14:53:20, Sensor_002, Graz, 23.71, 42.73, 99935.31, 1459, 5106, 3647, 425.12, 265, 376, 476, 566, -63
5/10/2022 14:53:31, Sensor_002, Graz, 23.72, 42.69, 99935.56, 1461, 5113, 3652, 425.70, 265, 375, 475, 567, -63
5/10/2022 14:53:41, Sensor_002, Graz, 23.68, 42.68, 99936.50, 1462, 5115, 3653, 425.77, 265, 375, 477, 566, -62
5/10/2022 14:53:52, Sensor_002, Graz, 23.69, 42.66, 99935.62, 1463, 5122, 3659, 426.58, 265, 376, 475, 565, -62
5/10/2022 14:54:2, Sensor_002, Graz, 23.69, 42.64, 99936.50, 1465, 5128, 3663, 427.02, 265, 376, 475, 565, -64
5/10/2022 14:54:13, Sensor_002, Graz, 23.72, 42.66, 99935.06, 1468, 5137, 3669, 427.67, 265, 375, 475, 566, -61
5/10/2022 14:54:23, Sensor_002, Graz, 23.71, 42.66, 99935.50, 1467, 5132, 3665, 427.15, 265, 375, 475, 566, -65
5/10/2022 14:54:34, Sensor_002, Graz, 23.72, 42.65, 99932.50, 1468, 5134, 3666, 427.22, 265, 375, 476, 566, -64
5/10/2022 14:54:44, Sensor_002, Graz, 23.71, 42.67, 99935.31, 1468, 5134, 3666, 427.22, 265, 375, 476, 566, -64
5/10/2022 14:54:55, Sensor_002, Graz, 23.69, 42.63, 99932.88, 1468, 5132, 3664, 426.92, 265, 375, 475, 566, -62
5/10/2022 14:55:6, Sensor_002, Graz, 23.69, 42.70, 99934.44, 1470, 5137, 3667, 427.20, 265, 375, 476, 566, -61
5/10/2022 14:55:16, Sensor_002, Graz, 23.68, 42.68, 99933.12, 1471, 5139, 3668, 427.27, 265, 374, 475, 566, -62
5/10/2022 14:55:27, Sensor_002, Graz, 23.69, 42.73, 99933.44, 1468, 5130, 3662, 426.62, 265, 376, 476, 566, -63
5/10/2022 14:56:31, Sensor_001, Vienna, 23.75, 42.71, 99932.44, 1469, 5043, 3574, 413.37, 265, 375, 475, 565, -65
5/10/2022 14:56:41, Sensor_001, Vienna, 23.72, 42.68, 99932.25, 1468, 5039, 3571, 413.01, 265, 375, 475, 566, -62
5/10/2022 14:56:52, Sensor_001, Vienna, 23.75, 42.71, 99932.38, 1467, 5035, 3568, 412.64, 265, 374, 477, 565, -70
5/10/2022 14:57:2, Sensor_001, Vienna, 23.77, 42.65, 99932.50, 1465, 5028, 3563, 412.06, 265, 375, 476, 566, -67
5/10/2022 14:57:13, Sensor_001, Vienna, 23.79, 42.60, 99933.25, 1465, 5022, 3557, 411.16, 265, 375, 475, 565, -67
5/10/2022 14:57:23, Sensor_001, Vienna, 23.79, 42.59, 99932.69, 1461, 5012, 3551, 410.59, 264, 374, 475, 565, -67
5/10/2022 14:57:34, Sensor_001, Vienna, 23.81, 42.59, 99933.69, 1459, 5003, 3544, 409.71, 264, 375, 478, 565, -61
5/10/2022 14:57:44, Sensor_001, Vienna, 23.81, 42.52, 99934.25, 1456, 4990, 3534, 408.46, 265, 375, 474, 565, -71
5/10/2022 14:57:55, Sensor_001, Vienna, 23.81, 42.55, 99933.06, 1452, 4977, 3525, 407.45, 265, 375, 475, 565, -68
5/10/2022 14:58:5, Sensor_001, Vienna, 23.84, 42.51, 99931.94, 1450, 4968, 3518, 406.57, 265, 374, 475, 565, -65
5/10/2022 14:58:16, Sensor_001, Vienna, 23.84, 42.46, 99932.25, 1448, 4964, 3516, 406.43, 265, 375, 475, 564, -69
5/10/2022 14:58:26, Sensor_001, Vienna, 23.84, 42.51, 99932.00, 1447, 4957, 3510, 405.62, 265, 374, 481, 565, -65
5/10/2022 14:58:37, Sensor_001, Vienna, 23.82, 42.47, 99932.44, 1447, 4960, 3513, 406.06, 265, 375, 478, 565, -63
5/10/2022 14:58:47, Sensor_001, Vienna, 23.84, 42.47, 99929.88, 1445, 4952, 3507, 405.33, 265, 375, 474, 564, -63
5/10/2022 14:59:0, Sensor_002, Graz, 23.85, 42.49, 99929.06, 1405, 4778, 3373, 388.60, 265, 375, 475, 564, -69
5/10/2022 14:59:10, Sensor_002, Graz, 23.84, 42.54, 99927.75, 1405, 4778, 3373, 388.60, 265, 374, 477, 564, -65
5/10/2022 14:59:21, Sensor_002, Graz, 23.85, 42.45, 99928.56, 1403, 4771, 3368, 388.02, 265, 374, 476, 565, -65
5/10/2022 14:59:31, Sensor_002, Graz, 23.88, 42.46, 99926.81, 1400, 4761, 3361, 387.22, 266, 374, 476, 566, -65
5/10/2022 14:59:42, Sensor_002, Graz, 23.84, 42.51, 99929.19, 1404, 4772, 3368, 387.94, 266, 375, 479, 566, -70
5/10/2022 14:59:52, Sensor_002, Graz, 23.86, 42.53, 99928.81, 1396, 4747, 3351, 386.06, 266, 375, 481, 565, -69
5/10/2022 15:0:3, Sensor_002, Graz, 23.85, 42.45, 99928.19, 1345, 4554, 3209, 369.03, 267, 376, 480, 565, -64
5/10/2022 15:0:13, Sensor_002, Graz, 23.85, 42.55, 99929.12, 1327, 4483, 3156, 362.60, 267, 376, 480, 566, -72
5/10/2022 15:0:24, Sensor_002, Graz, 23.85, 42.55, 99927.94, 1317, 4444, 3127, 359.09, 267, 376, 484, 565, -71
5/10/2022 15:0:34, Sensor_002, Graz, 23.86, 42.48, 99929.56, 1308, 4410, 3102, 356.09, 267, 377, 480, 564, -76
5/10/2022 15:0:45, Sensor_002, Graz, 23.86, 42.52, 99930.69, 1341, 4538, 3197, 367.57, 267, 376, 481, 564, -64
5/10/2022 15:0:57, Sensor_002, Graz, 23.88, 42.48, 99930.31, 1334, 4509, 3175, 364.86, 266, 375, 493, 564, -64
5/10/2022 15:1:9, Sensor_002, Graz, 23.86, 42.45, 99926.94, 1331, 4497, 3166, 363.76, 266, 376, 499, 564, -63
5/10/2022 15:1:20, Sensor_002, Graz, 23.88, 42.46, 99929.06, 1326, 4479, 3153, 362.23, 266, 375, 490, 564, -64
5/10/2022 15:1:32, Sensor_002, Graz, 23.85, 42.47, 99927.62, 1323, 4465, 3142, 360.84, 267, 375, 504, 564, -59
5/10/2022 15:1:44, Sensor_002, Graz, 23.84, 42.48, 99927.81, 1318, 4451, 3133, 359.90, 266, 376, 498, 565, -61
5/10/2022 15:1:56, Sensor_002, Graz, 23.84, 42.45, 99925.25, 1317, 4443, 3126, 358.94, 266, 375, 498, 565, -66
5/10/2022 15:2:7, Sensor_002, Graz, 23.84, 42.48, 99924.75, 1313, 4430, 3117, 357.92, 267, 375, 510, 564, -68
5/10/2022 15:2:19, Sensor_002, Graz, 23.85, 42.50, 99925.31, 1307, 4411, 3104, 356.47, 266, 376, 507, 565, -70
5/10/2022 15:2:31, Sensor_002, Graz, 23.79, 42.48, 99925.19, 1302, 4391, 3089, 354.64, 266, 376, 498, 564, -67
5/10/2022 15:2:43, Sensor_002, Graz, 23.79, 42.53, 99927.19, 1297, 4376, 3079, 353.56, 266, 376, 497, 564, -68
5/10/2022 15:2:54, Sensor_002, Graz, 23.79, 42.55, 99925.31, 1294, 4361, 3067, 352.02, 265, 375, 492, 564, -66
5/10/2022 15:3:6, Sensor_002, Graz, 23.79, 42.56, 99924.62, 1291, 4355, 3064, 351.81, 266, 375, 491, 565, -66
5/10/2022 15:3:18, Sensor_002, Graz, 23.81, 42.52, 99924.75, 1290, 4348, 3058, 351.00, 266, 376, 498, 564, -65
5/10/2022 15:3:29, Sensor_002, Graz, 23.77, 42.53, 99924.75, 1289, 4346, 3057, 350.93, 266, 376, 500, 565, -64
5/10/2022 15:3:41, Sensor_002, Graz, 23.77, 42.52, 99923.44, 1288, 4341, 3053, 350.42, 266, 375, 490, 565, -63
5/10/2022 15:3:53, Sensor_002, Graz, 23.75, 42.54, 99923.75, 1286, 4335, 3049, 349.98, 266, 376, 495, 565, -65
5/10/2022 15:4:5, Sensor_002, Graz, 23.77, 42.52, 99923.38, 1284, 4328, 3044, 349.40, 266, 376, 497, 564, -66
5/10/2022 15:4:16, Sensor_002, Graz, 23.75, 42.58, 99925.44, 1281, 4321, 3040, 349.05, 266, 375, 503, 565, -67
5/10/2022 15:4:28, Sensor_002, Graz, 23.74, 42.61, 99923.75, 1279, 4313, 3034, 348.31, 266, 376, 498, 565, -69
5/10/2022 15:4:40, Sensor_002, Graz, 23.75, 42.57, 99921.88, 1276, 4301, 3025, 347.22, 266, 376, 496, 564, -68
5/10/2022 15:4:52, Sensor_002, Graz, 23.75, 42.61, 99923.12, 1273, 4291, 3018, 346.42, 266, 376, 499, 565, -66
5/10/2022 15:5:3, Sensor_002, Graz, 23.74, 42.58, 99923.50, 1270, 4280, 3010, 345.47, 267, 376, 499, 565, -72
5/10/2022 15:5:15, Sensor_002, Graz, 23.72, 42.62, 99923.50, 1268, 4274, 3006, 345.04, 267, 376, 500, 565, -70
5/10/2022 15:5:27, Sensor_002, Graz, 23.74, 42.64, 99921.00, 1268, 4273, 3005, 344.89, 266, 376, 501, 565, -70
5/10/2022 15:5:39, Sensor_002, Graz, 23.74, 42.68, 99923.25, 1266, 4270, 3004, 344.90, 267, 377, 497, 565, -71
5/10/2022 15:5:50, Sensor_002, Graz, 23.71, 42.63, 99922.38, 1265, 4264, 2999, 344.24, 267, 376, 498, 565, -64
5/10/2022 15:6:2, Sensor_002, Graz, 23.71, 42.66, 99921.12, 1262, 4255, 2993, 343.58, 267, 376, 501, 565, -64
5/10/2022 15:6:14, Sensor_002, Graz, 23.71, 42.69, 99922.12, 1262, 4255, 2993, 343.58, 266, 376, 497, 565, -65
5/10/2022 15:6:25, Sensor_002, Graz, 23.71, 42.65, 99921.25, 1262, 4255, 2993, 343.58, 267, 376, 498, 565, -66
5/10/2022 15:6:37, Sensor_002, Graz, 23.72, 42.66, 99920.56, 1261, 4252, 2991, 343.37, 267, 376, 496, 565, -68
5/10/2022 15:6:49, Sensor_002, Graz, 23.72, 42.64, 99920.31, 1258, 4245, 2987, 343.01, 267, 376, 498, 565, -67
5/10/2022 15:7:1, Sensor_002, Graz, 23.71, 42.67, 99921.62, 1257, 4240, 2983, 342.50, 267, 375, 494, 564, -64
5/10/2022 15:7:12, Sensor_002, Graz, 23.72, 42.62, 99922.50, 1253, 4228, 2975, 341.63, 267, 375, 497, 564, -63
5/10/2022 15:7:24, Sensor_002, Graz, 23.71, 42.62, 99921.25, 1252, 4221, 2969, 340.82, 266, 375, 493, 564, -62
5/10/2022 15:7:36, Sensor_002, Graz, 23.74, 42.65, 99920.81, 1253, 4224, 2971, 341.04, 266, 376, 497, 564, -63
5/10/2022 15:7:48, Sensor_002, Graz, 23.74, 42.68, 99921.56, 1253, 4225, 2972, 341.19, 267, 375, 497, 564, -64
5/10/2022 15:7:59, Sensor_002, Graz, 23.74, 42.65, 99922.19, 1254, 4228, 2974, 341.40, 267, 376, 496, 565, -64
5/10/2022 15:8:11, Sensor_002, Graz, 23.74, 42.62, 99919.00, 1253, 4225, 2972, 341.19, 267, 376, 491, 564, -64
5/10/2022 15:8:23, Sensor_002, Graz, 23.74, 42.58, 99920.19, 1252, 4223, 2971, 341.12, 266, 376, 496, 564, -64
5/10/2022 15:8:35, Sensor_002, Graz, 23.75, 42.57, 99919.69, 1260, 4254, 2994, 343.90, 267, 376, 509, 565, -65
5/10/2022 15:8:46, Sensor_002, Graz, 23.75, 42.71, 99922.38, 1258, 4250, 2992, 343.76, 267, 377, 497, 565, -67
5/10/2022 15:8:58, Sensor_002, Graz, 23.74, 42.69, 99919.56, 1258, 4247, 2989, 343.31, 267, 376, 496, 565, -65
5/10/2022 15:9:10, Sensor_002, Graz, 23.74, 42.65, 99921.25, 1257, 4246, 2989, 343.39, 266, 376, 493, 564, -65
5/10/2022 15:9:21, Sensor_002, Graz, 23.72, 42.66, 99920.12, 1256, 4242, 2986, 343.03, 266, 376, 493, 564, -65
5/10/2022 15:9:33, Sensor_002, Graz, 23.74, 42.62, 99919.31, 1255, 4237, 2982, 342.51, 266, 376, 495, 564, -71
5/10/2022 15:9:45, Sensor_002, Graz, 23.74, 42.62, 99921.62, 1254, 4234, 2980, 342.30, 266, 376, 491, 565, -71
5/10/2022 15:9:57, Sensor_002, Graz, 23.69, 42.58, 99920.00, 1253, 4232, 2979, 342.23, 266, 376, 493, 564, -68
5/10/2022 15:10:8, Sensor_002, Graz, 23.69, 42.62, 99920.19, 1252, 4228, 2976, 341.86, 267, 376, 497, 564, -71
5/10/2022 15:10:20, Sensor_002, Graz, 23.68, 42.67, 99917.94, 1251, 4226, 2975, 341.79, 267, 376, 493, 564, -63
5/10/2022 15:10:32, Sensor_002, Graz, 23.69, 42.64, 99919.75, 1250, 4223, 2973, 341.58, 266, 375, 495, 564, -67
5/10/2022 15:10:44, Sensor_002, Graz, 23.68, 42.70, 99921.44, 1250, 4221, 2971, 341.28, 267, 376, 492, 564, -74
5/10/2022 15:10:55, Sensor_002, Graz, 23.69, 42.71, 99920.19, 1249, 4216, 2967, 340.76, 267, 376, 487, 564, -70
5/10/2022 15:11:7, Sensor_002, Graz, 23.71, 42.70, 99920.12, 1249, 4217, 2968, 340.91, 267, 376, 496, 565, -73
5/10/2022 15:11:19, Sensor_002, Graz, 23.69, 42.64, 99920.38, 1249, 4217, 2968, 340.91, 266, 376, 494, 564, -69
5/10/2022 15:11:31, Sensor_002, Graz, 23.69, 42.67, 99919.75, 1249, 4216, 2967, 340.76, 266, 375, 496, 565, -70
5/10/2022 15:11:42, Sensor_002, Graz, 23.68, 42.71, 99917.25, 1248, 4215, 2967, 340.85, 267, 376, 498, 565, -73
5/10/2022 15:11:54, Sensor_002, Graz, 23.69, 42.73, 99917.75, 1248, 4214, 2966, 340.70, 267, 376, 490, 564, -67
5/10/2022 15:12:6, Sensor_002, Graz, 23.69, 42.67, 99917.12, 1247, 4210, 2963, 340.33, 267, 376, 493, 564, -71
5/10/2022 15:12:18, Sensor_002, Graz, 23.68, 42.66, 99919.12, 1246, 4206, 2960, 339.97, 266, 376, 493, 564, -65
5/10/2022 15:12:29, Sensor_002, Graz, 23.65, 42.71, 99919.62, 1245, 4203, 2958, 339.75, 266, 375, 489, 564, -64
5/10/2022 15:12:41, Sensor_002, Graz, 23.67, 42.66, 99920.50, 1244, 4202, 2958, 339.83, 267, 375, 494, 564, -66
5/10/2022 15:12:53, Sensor_002, Graz, 23.67, 42.68, 99918.25, 1244, 4200, 2956, 339.53, 266, 375, 493, 564, -64
5/10/2022 15:13:4, Sensor_002, Graz, 23.65, 42.69, 99918.50, 1243, 4198, 2955, 339.46, 268, 377, 542, 567, -65
5/10/2022 15:13:16, Sensor_002, Graz, 23.67, 42.87, 99918.81, 1241, 4186, 2945, 338.14, 268, 377, 497, 564, -64
5/10/2022 15:13:28, Sensor_002, Graz, 23.68, 42.79, 99920.44, 1239, 4181, 2942, 337.85, 267, 376, 494, 564, -62
5/10/2022 15:13:40, Sensor_002, Graz, 23.65, 42.79, 99918.06, 1238, 4178, 2940, 337.63, 267, 375, 493, 564, -63
5/10/2022 15:13:51, Sensor_002, Graz, 23.65, 42.71, 99920.25, 1238, 4175, 2937, 337.19, 266, 375, 494, 564, -62
5/10/2022 15:14:3, Sensor_002, Graz, 23.65, 42.72, 99918.00, 1237, 4173, 2936, 337.12, 267, 376, 495, 564, -71
5/10/2022 15:14:15, Sensor_002, Graz, 23.65, 42.76, 99917.62, 1237, 4174, 2937, 337.27, 267, 376, 493, 564, -70
5/10/2022 15:14:27, Sensor_002, Graz, 23.65, 42.71, 99917.50, 1238, 4175, 2937, 337.19, 267, 376, 494, 564, -71
5/10/2022 15:14:38, Sensor_002, Graz, 23.64, 42.75, 99918.31, 1239, 4176, 2937, 337.11, 266, 376, 497, 564, -71
5/10/2022 15:14:50, Sensor_002, Graz, 23.62, 42.75, 99919.38, 1239, 4176, 2937, 337.11, 266, 376, 494, 563, -72
5/10/2022 15:15:2, Sensor_002, Graz, 23.64, 42.76, 99919.56, 1240, 4180, 2940, 337.47, 266, 376, 491, 564, -70
5/10/2022 15:15:14, Sensor_002, Graz, 23.64, 42.73, 99917.38, 1240, 4181, 2941, 337.62, 266, 375, 491, 563, -68
5/10/2022 15:15:25, Sensor_002, Graz, 23.64, 42.72, 99916.31, 1241, 4184, 2943, 337.84, 266, 375, 493, 563, -66
5/10/2022 15:15:37, Sensor_002, Graz, 23.64, 42.76, 99918.12, 1242, 4185, 2943, 337.76, 266, 376, 493, 563, -65
5/10/2022 15:15:49, Sensor_002, Graz, 23.64, 42.83, 99918.50, 1243, 4188, 2945, 337.97, 266, 374, 491, 563, -67
5/10/2022 15:16:0, Sensor_002, Graz, 23.62, 42.83, 99916.94, 1244, 4193, 2949, 338.49, 267, 375, 490, 563, -65
5/10/2022 15:16:12, Sensor_002, Graz, 23.62, 42.77, 99915.94, 1245, 4197, 2952, 338.86, 266, 375, 492, 563, -64
5/10/2022 15:16:24, Sensor_002, Graz, 23.62, 42.80, 99915.62, 1246, 4196, 2950, 338.48, 266, 375, 492, 564, -70
5/10/2022 15:16:36, Sensor_002, Graz, 23.64, 42.79, 99916.50, 1246, 4196, 2950, 338.48, 266, 375, 489, 563, -72
5/10/2022 15:16:47, Sensor_002, Graz, 23.60, 42.76, 99918.12, 1246, 4195, 2949, 338.33, 266, 375, 492, 563, -63
5/10/2022 15:16:59, Sensor_002, Graz, 23.60, 42.81, 99917.12, 1245, 4193, 2948, 338.26, 266, 375, 490, 563, -65
5/10/2022 15:17:11, Sensor_002, Graz, 23.62, 42.80, 99917.12, 1243, 4188, 2945, 337.97, 267, 375, 491, 564, -65
5/10/2022 15:17:23, Sensor_002, Graz, 23.60, 42.83, 99915.44, 1242, 4182, 2940, 337.31, 266, 376, 490, 564, -72
5/10/2022 15:17:34, Sensor_002, Graz, 23.61, 42.87, 99914.69, 1241, 4181, 2940, 337.39, 266, 375, 488, 563, -70
5/10/2022 15:17:46, Sensor_002, Graz, 23.61, 42.84, 99914.31, 1242, 4183, 2941, 337.46, 266, 375, 494, 564, -70
5/10/2022 15:17:58, Sensor_002, Graz, 23.61, 42.89, 99912.81, 1242, 4184, 2942, 337.61, 266, 375, 493, 564, -71
5/10/2022 15:18:10, Sensor_002, Graz, 23.57, 42.85, 99916.38, 1242, 4182, 2940, 337.31, 266, 376, 491, 564, -73
5/10/2022 15:18:21, Sensor_002, Graz, 23.56, 42.86, 99913.31, 1242, 4183, 2941, 337.46, 267, 375, 488, 564, -74
5/10/2022 15:18:33, Sensor_002, Graz, 23.61, 42.87, 99914.25, 1242, 4183, 2941, 337.46, 266, 375, 489, 564, -74
5/10/2022 15:18:45, Sensor_002, Graz, 23.60, 42.86, 99911.69, 1243, 4182, 2939, 337.08, 266, 375, 489, 563, -74
5/10/2022 15:18:57, Sensor_002, Graz, 23.61, 42.89, 99913.06, 1243, 4184, 2941, 337.38, 266, 375, 489, 563, -70
5/10/2022 15:19:8, Sensor_002, Graz, 23.58, 42.89, 99913.31, 1241, 4176, 2935, 336.65, 266, 375, 490, 564, -62
5/10/2022 15:19:20, Sensor_002, Graz, 23.58, 42.92, 99912.69, 1242, 4179, 2937, 336.86, 266, 375, 489, 563, -62
5/10/2022 15:19:32, Sensor_002, Graz, 23.60, 42.91, 99913.19, 1240, 4174, 2934, 336.58, 266, 375, 490, 563, -65
5/10/2022 15:19:43, Sensor_002, Graz, 23.60, 42.88, 99914.88, 1241, 4173, 2932, 336.20, 267, 374, 491, 563, -66
5/10/2022 15:19:55, Sensor_002, Graz, 23.62, 42.90, 99913.69, 1240, 4173, 2933, 336.43, 266, 375, 491, 563, -64
5/10/2022 15:20:7, Sensor_002, Graz, 23.60, 42.86, 99913.56, 1239, 4169, 2930, 336.07, 266, 375, 492, 563, -64
5/10/2022 15:20:19, Sensor_002, Graz, 23.57, 42.85, 99914.00, 1239, 4170, 2931, 336.21, 266, 375, 490, 563, -64
5/10/2022 15:20:30, Sensor_002, Graz, 23.60, 42.92, 99913.50, 1239, 4169, 2930, 336.07, 266, 375, 493, 563, -63
5/10/2022 15:20:42, Sensor_002, Graz, 23.58, 42.89, 99913.25, 1238, 4166, 2928, 335.85, 266, 375, 492, 563, -70
5/10/2022 15:20:54, Sensor_002, Graz, 23.61, 42.89, 99913.94, 1237, 4162, 2925, 335.48, 266, 375, 491, 563, -72
5/10/2022 15:21:6, Sensor_002, Graz, 23.62, 42.90, 99912.56, 1236, 4159, 2923, 335.27, 266, 375, 490, 563, -70
5/10/2022 15:21:17, Sensor_002, Graz, 23.61, 42.88, 99911.69, 1235, 4156, 2921, 335.05, 266, 374, 490, 563, -70
5/10/2022 15:21:29, Sensor_002, Graz, 23.61, 42.85, 99913.38, 1235, 4156, 2921, 335.05, 267, 375, 489, 563, -69
5/10/2022 15:21:41, Sensor_002, Graz, 23.58, 42.85, 99912.88, 1236, 4158, 2922, 335.12, 267, 375, 490, 563, -69
5/10/2022 15:21:53, Sensor_002, Graz, 23.58, 42.88, 99913.62, 1237, 4163, 2926, 335.63, 267, 375, 491, 563, -69
5/10/2022 15:22:4, Sensor_002, Graz, 23.60, 42.88, 99912.75, 1237, 4161, 2924, 335.33, 266, 375, 490, 563, -70
5/10/2022 15:22:17, Sensor_001, Vienna, 23.58, 42.89, 99913.06, 1238, 4163, 2925, 335.40, 267, 375, 491, 562, -62
5/10/2022 15:22:28, Sensor_001, Vienna, 23.58, 42.91, 99912.00, 1238, 4163, 2925, 335.40, 266, 375, 488, 563, -61
5/10/2022 15:22:38, Sensor_001, Vienna, 23.57, 42.88, 99911.44, 1238, 4162, 2924, 335.25, 266, 375, 489, 563, -59
5/10/2022 15:22:49, Sensor_001, Vienna, 23.58, 42.93, 99910.06, 1237, 4161, 2924, 335.33, 266, 375, 489, 563, -61
5/10/2022 15:22:59, Sensor_001, Vienna, 23.58, 42.91, 99911.12, 1236, 4155, 2919, 334.67, 266, 374, 491, 563, -61
5/10/2022 15:23:10, Sensor_001, Vienna, 23.58, 42.94, 99912.31, 1234, 4150, 2916, 334.39, 266, 374, 493, 563, -61
5/10/2022 15:23:20, Sensor_001, Vienna, 23.61, 42.92, 99911.12, 1233, 4146, 2913, 334.02, 267, 374, 490, 563, -62
5/10/2022 15:23:31, Sensor_001, Vienna, 23.60, 42.92, 99913.00, 1233, 4147, 2914, 334.17, 266, 375, 490, 563, -65
5/10/2022 15:23:41, Sensor_001, Vienna, 23.60, 42.92, 99910.75, 1233, 4146, 2913, 334.02, 267, 375, 492, 563, -70
5/10/2022 15:23:52, Sensor_001, Vienna, 23.60, 42.92, 99910.00, 1233, 4146, 2913, 334.02, 267, 375, 491, 563, -70
5/10/2022 15:24:2, Sensor_001, Vienna, 23.64, 42.87, 99912.19, 1233, 4146, 2913, 334.02, 267, 375, 495, 563, -65
5/10/2022 15:24:13, Sensor_001, Vienna, 23.64, 42.87, 99911.06, 1234, 4149, 2915, 334.24, 267, 374, 491, 563, -65
5/10/2022 15:24:23, Sensor_001, Vienna, 23.64, 42.90, 99910.69, 1235, 4150, 2915, 334.16, 267, 375, 490, 563, -64
5/10/2022 15:27:55, Sensor_001, Vienna, 23.62, 42.83, 99913.50, 1326, 4464, 3138, 360.00, 266, 375, 490, 563, -69
6/10/2022 9:42:25, Sensor_001, Vienna, 20.80, 51.50, 100391.06, 238, 864, 626, 74.02, 689, 714, 325, 876, -59
6/10/2022 9:42:36, Sensor_001, Vienna, 20.77, 51.36, 100392.88, 240, 872, 632, 74.75, 673, 702, 321, 867, -57
6/10/2022 9:42:46, Sensor_001, Vienna, 20.74, 51.45, 100390.88, 241, 873, 632, 74.67, 658, 691, 314, 858, -59
6/10/2022 9:42:57, Sensor_001, Vienna, 20.74, 51.37, 100393.19, 241, 867, 626, 73.76, 645, 681, 313, 850, -57
6/10/2022 9:43:7, Sensor_001, Vienna, 20.70, 51.57, 100391.50, 243, 879, 636, 75.10, 632, 672, 320, 842, -58
6/10/2022 9:43:18, Sensor_001, Vienna, 20.70, 51.67, 100393.19, 243, 879, 636, 75.10, 619, 663, 308, 834, -58
6/10/2022 9:43:28, Sensor_001, Vienna, 20.70, 51.69, 100396.75, 175, 665, 490, 58.92, 605, 654, 313, 826, -74
6/10/2022 9:43:39, Sensor_001, Vienna, 20.67, 51.66, 100394.00, 223, 876, 653, 79.44, 594, 647, 308, 820, -57
6/10/2022 9:43:50, Sensor_001, Vienna, 20.66, 51.72, 100392.25, 236, 859, 623, 73.74, 583, 639, 306, 813, -60
6/10/2022 9:44:0, Sensor_001, Vienna, 20.67, 51.84, 100393.19, 256, 806, 550, 61.25, 573, 633, 310, 807, -59
6/10/2022 9:44:11, Sensor_001, Vienna, 20.66, 52.03, 100395.12, 242, 761, 519, 57.77, 560, 625, 294, 800, -66
6/10/2022 9:44:21, Sensor_001, Vienna, 20.64, 51.96, 100395.88, 241, 756, 515, 57.25, 549, 618, 297, 794, -62
6/10/2022 9:44:32, Sensor_001, Vienna, 20.66, 51.98, 100393.00, 244, 765, 521, 57.91, 540, 611, 300, 789, -60
6/10/2022 9:44:42, Sensor_001, Vienna, 20.67, 51.94, 100389.62, 243, 763, 520, 57.84, 530, 605, 296, 783, -61
6/10/2022 9:44:53, Sensor_001, Vienna, 20.70, 51.95, 100389.19, 236, 746, 510, 56.90, 521, 600, 298, 779, -58
6/10/2022 9:45:3, Sensor_001, Vienna, 20.73, 52.02, 100389.75, 233, 738, 505, 56.40, 511, 592, 306, 773, -57
6/10/2022 9:45:14, Sensor_001, Vienna, 20.74, 51.87, 100391.38, 236, 744, 508, 56.61, 503, 588, 301, 769, -57
6/10/2022 9:45:24, Sensor_001, Vienna, 20.77, 51.78, 100391.81, 238, 749, 511, 56.90, 495, 582, 299, 763, -59
6/10/2022 9:45:35, Sensor_001, Vienna, 20.80, 51.67, 100392.31, 240, 755, 515, 57.33, 487, 577, 303, 759, -59
6/10/2022 9:45:45, Sensor_001, Vienna, 20.80, 51.70, 100389.56, 220, 724, 504, 57.26, 479, 573, 303, 755, -65
6/10/2022 9:45:56, Sensor_001, Vienna, 20.81, 51.55, 100391.19, 219, 723, 504, 57.34, 472, 568, 298, 751, -65
6/10/2022 9:49:53, Sensor_002, Graz, 20.99, 51.37, 100391.94, 228, 698, 470, 51.65, 583, 656, 360, 817, -56
6/10/2022 9:50:9, Sensor_002, Graz, 20.98, 51.21, 100390.25, 225, 685, 460, 50.41, 538, 620, 332, 777, -55
6/10/2022 9:50:20, Sensor_002, Graz, 20.99, 51.41, 100389.38, 230, 699, 469, 51.36, 519, 605, 325, 763, -55
6/10/2022 9:50:30, Sensor_002, Graz, 20.98, 51.38, 100390.25, 235, 714, 479, 52.44, 503, 591, 326, 753, -57
6/10/2022 9:50:41, Sensor_002, Graz, 21.01, 51.41, 100388.56, 240, 729, 489, 53.53, 490, 581, 323, 746, -56
6/10/2022 9:50:51, Sensor_002, Graz, 21.01, 51.41, 100389.81, 244, 744, 500, 54.84, 478, 571, 321, 739, -56
6/10/2022 9:51:2, Sensor_002, Graz, 21.02, 51.44, 100389.44, 250, 760, 510, 55.85, 468, 564, 315, 735, -55
6/10/2022 9:51:12, Sensor_002, Graz, 21.03, 51.38, 100390.88, 256, 778, 522, 57.16, 458, 556, 326, 730, -57
7/10/2022 8:38:5, Sensor_002, Graz, 20.61, 59.58, 100365.12, 261, 752, 491, 52.32, 873, 887, 547, 977, -67
7/10/2022 8:38:16, Sensor_002, Graz, 20.64, 57.90, 100363.50, 288, 812, 524, 55.19, 842, 854, 437, 957, -64
7/10/2022 8:38:31, Sensor_002, Graz, 20.64, 56.82, 100361.75, 348, 965, 617, 64.38, 812, 820, 374, 936, -60
7/10/2022 8:55:46, Sensor_002, Graz, 18.60, 62.63, 100371.00, 653, 1836, 1183, 124.40, 291, 447, 277, 654, -61
7/10/2022 8:55:57, Sensor_002, Graz, 18.58, 62.66, 100369.94, 693, 1941, 1248, 130.96, 289, 446, 272, 653, -67
7/10/2022 8:56:7, Sensor_002, Graz, 18.55, 62.67, 100368.12, 611, 1723, 1112, 117.12, 287, 445, 274, 652, -69
7/10/2022 8:56:18, Sensor_002, Graz, 18.52, 62.73, 100367.06, 479, 1380, 901, 96.00, 285, 443, 274, 651, -70
7/10/2022 8:56:28, Sensor_002, Graz, 18.48, 62.88, 100370.44, 421, 1235, 814, 87.56, 283, 442, 270, 650, -69
7/10/2022 8:56:39, Sensor_002, Graz, 18.42, 62.94, 100369.00, 517, 1488, 971, 103.41, 282, 440, 279, 649, -69
7/10/2022 8:56:49, Sensor_002, Graz, 18.44, 63.03, 100367.75, 583, 1661, 1078, 114.18, 281, 440, 285, 648, -68
7/10/2022 8:57:0, Sensor_002, Graz, 18.41, 63.10, 100368.31, 504, 1451, 947, 100.87, 281, 440, 282, 648, -69
7/10/2022 8:57:10, Sensor_002, Graz, 18.41, 63.24, 100370.75, 483, 1387, 904, 96.16, 280, 438, 288, 648, -70
7/10/2022 8:57:21, Sensor_002, Graz, 18.42, 63.24, 100368.75, 573, 1617, 1044, 110.00, 279, 437, 291, 648, -69
7/10/2022 8:57:31, Sensor_002, Graz, 18.44, 63.25, 100369.31, 560, 1581, 1021, 107.61, 279, 437, 289, 648, -70
7/10/2022 8:57:42, Sensor_002, Graz, 18.42, 63.23, 100369.75, 387, 1138, 751, 80.88, 277, 436, 291, 647, -68
7/10/2022 8:57:52, Sensor_002, Graz, 18.45, 63.15, 100371.19, 382, 1126, 744, 80.23, 277, 435, 286, 646, -69
7/10/2022 8:58:3, Sensor_002, Graz, 18.44, 63.16, 100370.38, 441, 1288, 847, 90.90, 276, 435, 289, 646, -68
7/10/2022 8:58:16, Sensor_002, Graz, 18.46, 63.09, 100368.06, 525, 1506, 981, 104.29, 273, 431, 267, 644, -68
7/10/2022 8:58:51, Sensor_002, Graz, 18.39, 63.32, 100366.44, 395, 1161, 766, 82.48, 270, 429, 289, 640, -67
7/10/2022 8:59:4, Sensor_002, Graz, 18.38, 63.37, 100368.31, 472, 1362, 890, 94.91, 270, 430, 293, 640, -67
7/10/2022 8:59:14, Sensor_002, Graz, 18.41, 63.33, 100366.88, 583, 1652, 1069, 112.89, 269, 428, 291, 641, -70
7/10/2022 8:59:25, Sensor_002, Graz, 18.39, 63.32, 100368.50, 491, 1409, 918, 97.61, 269, 428, 287, 640, -69
7/10/2022 8:59:35, Sensor_002, Graz, 18.39, 63.23, 100367.69, 538, 1529, 991, 104.82, 267, 427, 283, 638, -70
7/10/2022 8:59:46, Sensor_002, Graz, 18.41, 63.24, 100368.56, 423, 1228, 805, 86.12, 265, 425, 280, 638, -68
7/10/2022 8:59:56, Sensor_002, Graz, 18.41, 63.24, 100368.25, 534, 1523, 989, 104.81, 265, 425, 291, 637, -69
7/10/2022 9:0:7, Sensor_002, Graz, 18.42, 63.25, 100367.50, 503, 1441, 938, 99.65, 264, 424, 285, 636, -68
7/10/2022 9:0:17, Sensor_002, Graz, 18.44, 63.28, 100367.00, 410, 1207, 797, 85.89, 263, 423, 286, 637, -69
7/10/2022 9:0:28, Sensor_002, Graz, 18.42, 63.22, 100366.81, 389, 1149, 760, 82.04, 262, 422, 282, 635, -65
7/10/2022 9:0:38, Sensor_002, Graz, 18.44, 63.22, 100366.50, 402, 1181, 779, 83.86, 261, 422, 286, 635, -66
7/10/2022 9:0:49, Sensor_002, Graz, 18.45, 63.21, 100366.12, 497, 1434, 937, 99.92, 261, 420, 289, 634, -63
7/10/2022 9:0:59, Sensor_002, Graz, 18.46, 63.17, 100364.94, 508, 1470, 962, 102.74, 261, 421, 294, 634, -63
7/10/2022 9:1:10, Sensor_002, Graz, 18.46, 63.11, 100364.56, 497, 1434, 937, 99.92, 261, 421, 304, 634, -63
7/10/2022 9:1:20, Sensor_002, Graz, 18.51, 63.09, 100363.44, 514, 1471, 957, 101.61, 261, 421, 301, 633, -63
7/10/2022 9:1:31, Sensor_002, Graz, 18.52, 63.03, 100364.75, 546, 1549, 1003, 105.99, 260, 421, 298, 634, -64
7/10/2022 9:1:52, Sensor_002, Graz, 18.58, 62.90, 100364.25, 415, 1214, 799, 85.82, 258, 418, 289, 632, -63
7/10/2022 9:2:26, Sensor_002, Graz, 18.54, 62.92, 100362.31, 355, 1037, 682, 73.20, 254, 413, 284, 629, -69
7/10/2022 9:2:39, Sensor_002, Graz, 18.54, 62.98, 100364.44, 514, 1468, 954, 101.18, 253, 413, 286, 629, -67
7/10/2022 9:2:50, Sensor_002, Graz, 18.52, 62.95, 100363.00, 618, 1744, 1126, 118.65, 253, 413, 289, 628, -68
7/10/2022 9:3:0, Sensor_002, Graz, 18.54, 62.98, 100361.88, 332, 1052, 720, 80.42, 253, 413, 289, 629, -59
7/10/2022 9:3:11, Sensor_002, Graz, 18.54, 63.00, 100361.06, 353, 1120, 767, 85.72, 253, 412, 293, 629, -58
7/10/2022 9:3:21, Sensor_002, Graz, 18.56, 62.98, 100360.88, 335, 1065, 730, 81.66, 253, 413, 297, 628, -59
7/10/2022 9:3:32, Sensor_002, Graz, 18.59, 62.90, 100361.31, 299, 956, 657, 73.69, 254, 413, 301, 629, -58
7/10/2022 9:3:42, Sensor_002, Graz, 18.65, 62.81, 100362.94, 309, 986, 677, 75.86, 254, 413, 302, 630, -58
7/10/2022 9:3:53, Sensor_002, Graz, 18.67, 62.76, 100362.69, 329, 1047, 718, 80.36, 255, 415, 303, 630, -57
7/10/2022 9:4:3, Sensor_002, Graz, 18.72, 62.59, 100359.31, 351, 1114, 763, 85.29, 255, 415, 304, 631, -58
7/10/2022 9:4:14, Sensor_002, Graz, 18.76, 62.46, 100361.12, 327, 1046, 719, 80.66, 255, 415, 304, 632, -56
7/10/2022 9:4:24, Sensor_002, Graz, 18.82, 62.37, 100360.81, 303, 974, 671, 75.44, 255, 416, 306, 632, -56
7/10/2022 9:4:35, Sensor_002, Graz, 18.83, 62.23, 100360.31, 264, 854, 590, 66.52, 255, 415, 307, 631, -56
7/10/2022 9:4:45, Sensor_002, Graz, 18.87, 62.09, 100360.25, 268, 863, 595, 66.95, 255, 416, 308, 631, -55
7/10/2022 9:4:56, Sensor_002, Graz, 18.93, 61.92, 100359.94, 303, 975, 672, 75.59, 255, 415, 309, 631, -56
7/10/2022 9:5:6, Sensor_002, Graz, 18.99, 61.73, 100360.12, 306, 985, 679, 76.39, 255, 415, 311, 632, -55
7/10/2022 9:5:17, Sensor_002, Graz, 19.02, 61.53, 100358.69, 254, 822, 568, 64.05, 254, 416, 311, 632, -55
7/10/2022 9:5:27, Sensor_002, Graz, 19.06, 61.42, 100356.19, 266, 862, 596, 67.25, 254, 416, 312, 631, -60
7/10/2022 9:5:38, Sensor_002, Graz, 19.11, 61.32, 100356.81, 290, 938, 648, 73.06, 254, 416, 314, 631, -60
7/10/2022 9:5:48, Sensor_002, Graz, 19.13, 61.19, 100356.12, 295, 952, 657, 74.00, 255, 416, 320, 631, -59
7/10/2022 9:5:59, Sensor_002, Graz, 19.20, 61.08, 100356.81, 341, 1095, 754, 84.73, 256, 416, 325, 631, -59
7/10/2022 9:6:9, Sensor_002, Graz, 19.24, 60.93, 100356.50, 349, 1115, 766, 85.88, 256, 417, 328, 631, -59
7/10/2022 9:6:20, Sensor_002, Graz, 19.27, 60.78, 100355.44, 352, 1131, 779, 87.57, 256, 417, 328, 632, -59
7/10/2022 9:6:30, Sensor_002, Graz, 19.31, 60.55, 100357.50, 323, 1042, 719, 80.97, 256, 417, 329, 630, -59
7/10/2022 9:6:41, Sensor_002, Graz, 19.34, 60.35, 100358.31, 251, 816, 565, 63.85, 256, 417, 331, 630, -59
7/10/2022 9:6:51, Sensor_002, Graz, 19.34, 60.16, 100355.12, 319, 1017, 698, 78.18, 256, 417, 330, 629, -60
7/10/2022 9:7:2, Sensor_002, Graz, 19.37, 60.07, 100354.88, 376, 1192, 816, 91.16, 257, 416, 330, 630, -59
7/10/2022 9:7:12, Sensor_002, Graz, 19.41, 60.02, 100354.06, 434, 1374, 940, 104.95, 257, 417, 330, 629, -59
7/10/2022 9:7:23, Sensor_002, Graz, 19.47, 59.88, 100350.62, 433, 1362, 929, 103.41, 257, 417, 331, 630, -59
7/10/2022 9:7:33, Sensor_002, Graz, 19.47, 59.75, 100352.25, 353, 1124, 771, 86.31, 257, 416, 332, 629, -57
7/10/2022 9:7:44, Sensor_002, Graz, 19.51, 59.58, 100352.94, 344, 1105, 761, 85.53, 257, 417, 334, 629, -59
7/10/2022 9:7:54, Sensor_002, Graz, 19.53, 59.51, 100353.75, 287, 925, 638, 71.82, 257, 416, 335, 628, -58
7/10/2022 9:8:5, Sensor_002, Graz, 19.57, 59.37, 100351.00, 319, 1012, 693, 77.45, 257, 417, 332, 628, -59
7/10/2022 9:8:15, Sensor_002, Graz, 19.58, 59.33, 100353.94, 398, 1259, 861, 96.09, 256, 416, 332, 628, -59
7/10/2022 9:8:26, Sensor_002, Graz, 19.58, 59.21, 100353.06, 396, 1253, 857, 95.66, 256, 416, 334, 627, -58
7/10/2022 9:8:36, Sensor_002, Graz, 19.62, 59.08, 100352.00, 300, 960, 660, 74.05, 256, 416, 335, 627, -58
7/10/2022 9:8:47, Sensor_002, Graz, 19.64, 58.96, 100349.75, 347, 1107, 760, 85.15, 257, 415, 338, 627, -57
7/10/2022 9:8:57, Sensor_002, Graz, 19.65, 58.92, 100350.69, 343, 1095, 752, 84.28, 257, 415, 338, 627, -59
7/10/2022 9:9:8, Sensor_002, Graz, 19.69, 58.84, 100347.75, 384, 1219, 835, 93.34, 256, 415, 339, 626, -58
7/10/2022 9:9:27, Sensor_002, Graz, 19.72, 58.72, 100348.81, 413, 1320, 907, 101.71, 257, 415, 340, 626, -57
7/10/2022 9:9:37, Sensor_002, Graz, 19.75, 58.60, 100350.19, 391, 1242, 851, 95.16, 257, 415, 337, 626, -58
7/10/2022 9:9:48, Sensor_002, Graz, 19.75, 58.48, 100348.56, 338, 1077, 739, 82.75, 257, 414, 336, 625, -58
7/10/2022 9:9:58, Sensor_002, Graz, 19.75, 58.40, 100348.38, 369, 1176, 807, 90.38, 256, 414, 336, 624, -57
7/10/2022 9:10:9, Sensor_002, Graz, 19.79, 58.25, 100347.12, 364, 1158, 794, 88.85, 256, 413, 337, 625, -59
7/10/2022 9:10:19, Sensor_002, Graz, 19.78, 58.06, 100349.44, 328, 1051, 723, 81.17, 256, 414, 340, 624, -58
7/10/2022 9:10:30, Sensor_002, Graz, 19.81, 57.88, 100349.44, 354, 1129, 775, 86.82, 256, 413, 340, 624, -60
7/10/2022 9:11:7, Sensor_002, Graz, 19.86, 57.43, 100349.19, 406, 1279, 873, 97.25, 255, 412, 338, 622, -60
7/10/2022 9:11:18, Sensor_002, Graz, 19.85, 57.29, 100349.25, 397, 1268, 871, 97.64, 254, 411, 338, 622, -60
7/10/2022 9:11:28, Sensor_002, Graz, 19.89, 57.26, 100348.31, 399, 1275, 876, 98.22, 254, 410, 337, 621, -67
7/10/2022 9:11:39, Sensor_002, Graz, 19.92, 57.15, 100348.38, 410, 1287, 877, 97.53, 254, 410, 339, 620, -56
7/10/2022 9:13:3, Sensor_002, Graz, 20.00, 56.21, 100348.81, 373, 1181, 808, 90.22, 252, 406, 342, 616, -54
7/10/2022 9:13:14, Sensor_002, Graz, 19.99, 56.18, 100350.06, 445, 1399, 954, 106.17, 252, 405, 342, 615, -54
7/10/2022 9:13:24, Sensor_002, Graz, 20.03, 56.17, 100349.38, 443, 1391, 948, 105.44, 252, 405, 342, 616, -58
7/10/2022 9:13:35, Sensor_002, Graz, 20.05, 56.13, 100349.75, 454, 1440, 986, 110.18, 252, 404, 341, 615, -58
7/10/2022 9:13:45, Sensor_002, Graz, 20.05, 56.03, 100349.69, 413, 1310, 897, 100.24, 252, 404, 342, 614, -58
7/10/2022 9:14:23, Sensor_002, Graz, 20.06, 55.37, 100347.38, 359, 1147, 788, 88.35, 253, 404, 345, 613, -68
7/10/2022 9:14:33, Sensor_002, Graz, 20.11, 55.46, 100349.44, 338, 1093, 755, 85.11, 252, 404, 343, 613, -62
7/10/2022 9:15:51, Sensor_002, Graz, 20.15, 55.50, 100348.00, 442, 1388, 946, 105.22, 251, 401, 342, 610, -54
7/10/2022 9:16:2, Sensor_002, Graz, 20.15, 55.59, 100346.31, 448, 1408, 960, 106.82, 250, 400, 342, 610, -54
7/10/2022 9:16:12, Sensor_002, Graz, 20.20, 55.71, 100348.69, 428, 1342, 914, 101.59, 251, 400, 341, 610, -54
7/10/2022 9:17:36, Sensor_002, Graz, 20.22, 55.27, 100345.50, 421, 1312, 891, 98.75, 251, 399, 346, 609, -55
7/10/2022 9:17:46, Sensor_002, Graz, 20.24, 55.88, 100346.31, 366, 1161, 795, 88.84, 251, 398, 343, 608, -62
7/10/2022 9:18:25, Sensor_002, Graz, 20.33, 56.79, 100338.62, 783, 2095, 1312, 134.09, 250, 396, 354, 605, -61
7/10/2022 9:18:35, Sensor_002, Graz, 20.39, 56.72, 100338.69, 759, 2016, 1257, 127.91, 250, 396, 353, 605, -64
7/10/2022 9:18:46, Sensor_002, Graz, 20.43, 56.70, 100338.94, 748, 1995, 1247, 127.21, 251, 395, 350, 604, -66
7/10/2022 9:20:7, Sensor_002, Graz, 20.92, 55.56, 100338.94, 677, 1824, 1147, 117.71, 251, 393, 357, 602, -75
7/10/2022 9:20:17, Sensor_002, Graz, 20.94, 55.43, 100337.12, 607, 1648, 1041, 107.32, 251, 392, 359, 602, -70
7/10/2022 9:20:28, Sensor_002, Graz, 21.01, 55.22, 100338.81, 625, 1707, 1082, 111.93, 251, 392, 357, 603, -57
7/10/2022 9:20:38, Sensor_002, Graz, 21.02, 55.10, 100339.56, 736, 1963, 1227, 125.17, 251, 392, 356, 601, -58
7/10/2022 9:20:49, Sensor_002, Graz, 21.06, 54.99, 100336.81, 747, 1988, 1241, 126.43, 251, 392, 356, 602, -66
7/10/2022 9:20:59, Sensor_002, Graz, 21.09, 54.91, 100338.31, 736, 1903, 1167, 116.79, 250, 392, 357, 600, -64
7/10/2022 9:21:10, Sensor_002, Graz, 21.16, 55.03, 100338.81, 757, 1998, 1241, 125.80, 251, 391, 356, 601, -64
7/10/2022 9:21:20, Sensor_002, Graz, 21.21, 54.91, 100341.62, 779, 2052, 1273, 128.88, 251, 391, 358, 601, -65
7/10/2022 9:21:31, Sensor_002, Graz, 21.26, 55.15, 100337.75, 774, 2046, 1272, 129.06, 251, 390, 359, 601, -65
7/10/2022 9:21:41, Sensor_002, Graz, 21.35, 54.91, 100338.88, 624, 1734, 1110, 115.96, 251, 391, 359, 600, -66
7/10/2022 9:21:52, Sensor_002, Graz, 21.42, 54.41, 100340.19, 693, 1917, 1224, 127.54, 251, 391, 360, 601, -65
7/10/2022 9:22:2, Sensor_002, Graz, 21.45, 54.15, 100337.88, 736, 2044, 1308, 136.60, 252, 391, 362, 600, -65
7/10/2022 9:22:13, Sensor_002, Graz, 21.48, 53.95, 100338.50, 707, 1974, 1267, 132.72, 251, 391, 361, 601, -64
7/10/2022 9:22:23, Sensor_002, Graz, 21.49, 53.88, 100338.69, 592, 1674, 1082, 114.14, 252, 390, 361, 600, -66
7/10/2022 9:22:34, Sensor_002, Graz, 21.52, 53.78, 100340.19, 502, 1440, 938, 99.72, 252, 390, 362, 600, -65
7/10/2022 9:22:44, Sensor_002, Graz, 21.54, 53.66, 100340.12, 478, 1363, 885, 93.78, 251, 390, 361, 600, -63
7/10/2022 9:22:55, Sensor_002, Graz, 21.54, 53.56, 100340.44, 554, 1566, 1012, 106.73, 252, 390, 362, 600, -62
7/10/2022 9:23:5, Sensor_002, Graz, 21.56, 53.53, 100341.12, 647, 1821, 1174, 123.52, 252, 389, 362, 599, -64
7/10/2022 9:23:16, Sensor_002, Graz, 21.56, 53.52, 100337.00, 706, 1986, 1280, 134.64, 251, 389, 361, 599, -65
7/10/2022 9:23:26, Sensor_002, Graz, 21.57, 53.51, 100336.12, 787, 2200, 1413, 148.11, 252, 389, 361, 599, -69
7/10/2022 9:23:37, Sensor_002, Graz, 21.59, 53.54, 100337.00, 780, 2184, 1404, 147.30, 252, 389, 361, 599, -65
7/10/2022 9:23:47, Sensor_002, Graz, 21.57, 53.48, 100340.44, 699, 1977, 1278, 134.83, 252, 389, 361, 599, -67
7/10/2022 9:23:58, Sensor_002, Graz, 21.60, 53.43, 100342.25, 615, 1748, 1133, 119.85, 251, 388, 362, 599, -66
7/10/2022 9:24:8, Sensor_002, Graz, 21.62, 53.37, 100341.69, 640, 1813, 1173, 123.86, 252, 389, 363, 599, -64
7/10/2022 9:24:19, Sensor_002, Graz, 21.63, 53.37, 100339.50, 695, 1960, 1265, 133.24, 252, 389, 363, 598, -62
7/10/2022 9:24:29, Sensor_002, Graz, 21.60, 53.30, 100342.06, 662, 1885, 1223, 129.50, 252, 388, 362, 598, -62
7/10/2022 9:24:40, Sensor_002, Graz, 21.63, 53.26, 100340.94, 660, 1881, 1221, 129.35, 252, 388, 365, 597, -63
7/10/2022 9:24:51, Sensor_002, Graz, 21.62, 53.29, 100341.69, 789, 2210, 1421, 149.11, 252, 388, 363, 598, -65
7/10/2022 9:25:1, Sensor_002, Graz, 21.63, 53.24, 100341.94, 880, 2473, 1593, 167.47, 252, 387, 364, 597, -62
7/10/2022 9:25:33, Sensor_002, Graz, 21.64, 53.17, 100339.25, 770, 2182, 1412, 149.12, 252, 387, 364, 597, -61
7/10/2022 9:25:44, Sensor_002, Graz, 21.66, 53.15, 100339.62, 721, 2051, 1330, 140.75, 251, 387, 365, 596, -62
7/10/2022 9:25:54, Sensor_002, Graz, 21.67, 53.12, 100339.94, 691, 1973, 1282, 135.95, 251, 386, 363, 596, -63
7/10/2022 9:41:8, Sensor_002, Graz, 21.81, 52.32, 100332.88, 604, 1901, 1297, 144.42, 251, 374, 375, 581, -67
7/10/2022 9:41:19, Sensor_002, Graz, 21.81, 52.33, 100331.00, 639, 1987, 1348, 149.25, 250, 373, 374, 581, -62
7/10/2022 9:41:30, Sensor_002, Graz, 21.83, 52.32, 100330.75, 698, 2131, 1433, 157.26, 251, 373, 375, 581, -57
7/10/2022 9:41:40, Sensor_002, Graz, 21.81, 52.33, 100332.94, 720, 2190, 1470, 161.03, 250, 373, 376, 581, -63
7/10/2022 9:41:51, Sensor_002, Graz, 21.83, 52.28, 100333.88, 761, 2292, 1531, 166.90, 250, 373, 377, 581, -65
7/10/2022 9:42:1, Sensor_002, Graz, 21.86, 52.26, 100333.25, 787, 2371, 1584, 172.70, 251, 373, 374, 581, -65
7/10/2022 9:42:12, Sensor_002, Graz, 21.86, 52.25, 100334.38, 822, 2445, 1623, 175.82, 251, 373, 377, 580, -64
7/10/2022 9:42:22, Sensor_002, Graz, 21.86, 52.25, 100333.44, 916, 2667, 1751, 187.62, 251, 373, 378, 581, -64
7/10/2022 9:42:33, Sensor_002, Graz, 21.87, 52.23, 100332.56, 982, 2828, 1846, 196.65, 251, 373, 377, 581, -65
7/10/2022 9:42:43, Sensor_002, Graz, 21.84, 52.24, 100332.94, 1030, 2961, 1931, 205.52, 251, 373, 377, 580, -62
7/10/2022 9:42:54, Sensor_002, Graz, 21.87, 52.23, 100332.25, 1062, 3053, 1991, 211.90, 251, 373, 377, 580, -64
7/10/2022 9:43:4, Sensor_002, Graz, 21.90, 52.18, 100332.19, 1054, 3036, 1982, 211.17, 251, 373, 377, 580, -64
7/10/2022 9:43:15, Sensor_002, Graz, 21.87, 52.17, 100333.06, 1047, 3031, 1984, 211.94, 251, 373, 377, 581, -59
7/10/2022 9:43:25, Sensor_002, Graz, 21.90, 52.17, 100332.31, 1018, 2955, 1937, 207.22, 251, 372, 376, 580, -61
7/10/2022 9:43:36, Sensor_002, Graz, 21.90, 52.15, 100332.12, 1035, 2985, 1950, 207.90, 251, 372, 376, 580, -59
7/10/2022 9:43:46, Sensor_002, Graz, 21.89, 52.16, 100332.88, 1069, 3108, 2039, 218.31, 251, 372, 375, 579, -59
7/10/2022 9:43:57, Sensor_002, Graz, 21.91, 52.13, 100330.62, 1078, 3163, 2085, 224.30, 250, 372, 377, 579, -64
7/10/2022 9:44:7, Sensor_002, Graz, 21.90, 52.12, 100331.19, 1015, 3000, 1985, 214.35, 250, 372, 377, 580, -63
7/10/2022 9:44:18, Sensor_002, Graz, 21.91, 52.10, 100332.62, 1048, 3046, 1998, 213.89, 251, 372, 378, 580, -60
7/10/2022 9:44:28, Sensor_002, Graz, 21.93, 52.10, 100331.00, 1070, 3108, 2038, 218.10, 251, 372, 378, 580, -62
7/10/2022 9:44:39, Sensor_002, Graz, 21.91, 52.09, 100329.88, 1042, 3037, 1995, 213.88, 251, 372, 378, 579, -64
7/10/2022 9:44:49, Sensor_002, Graz, 21.93, 52.07, 100331.38, 999, 2900, 1901, 203.37, 251, 372, 377, 579, -61
7/10/2022 9:45:0, Sensor_002, Graz, 21.93, 52.06, 100330.88, 999, 2929, 1930, 207.55, 251, 371, 378, 579, -60
7/10/2022 9:45:10, Sensor_002, Graz, 21.93, 52.02, 100330.81, 1093, 3177, 2084, 223.10, 251, 371, 378, 578, -60
7/10/2022 9:45:21, Sensor_002, Graz, 21.90, 52.08, 100329.25, 1066, 3140, 2074, 223.57, 250, 371, 377, 578, -63
7/10/2022 9:45:31, Sensor_002, Graz, 21.93, 52.22, 100329.75, 946, 2839, 1893, 205.99, 250, 370, 375, 578, -64
7/10/2022 9:45:42, Sensor_002, Graz, 21.96, 52.18, 100327.50, 801, 2449, 1648, 180.99, 251, 370, 377, 578, -66
7/10/2022 9:45:52, Sensor_002, Graz, 21.93, 52.19, 100330.62, 742, 2264, 1522, 166.98, 250, 370, 378, 578, -66
7/10/2022 9:46:3, Sensor_002, Graz, 21.96, 52.12, 100329.38, 692, 2127, 1435, 158.00, 251, 371, 379, 578, -57
7/10/2022 9:46:13, Sensor_002, Graz, 21.96, 52.03, 100327.38, 763, 2334, 1571, 172.57, 251, 371, 380, 577, -63
7/10/2022 9:46:25, Sensor_002, Graz, 21.96, 52.01, 100326.44, 777, 2389, 1612, 177.51, 251, 370, 379, 577, -60
7/10/2022 9:46:59, Sensor_002, Graz, 22.00, 52.05, 100326.06, 860, 2655, 1795, 198.05, 250, 371, 379, 577, -56
7/10/2022 9:47:12, Sensor_002, Graz, 22.03, 51.94, 100324.88, 878, 2710, 1832, 202.12, 251, 370, 379, 577, -61
7/10/2022 9:51:24, Sensor_002, Graz, 21.84, 52.39, 100318.00, 349, 1287, 938, 111.57, 426, 566, 706, 793, -65
7/10/2022 9:51:34, Sensor_002, Graz, 21.81, 52.75, 100318.38, 338, 1249, 911, 108.44, 529, 638, 728, 848, -75
7/10/2022 9:51:45, Sensor_002, Graz, 21.79, 52.80, 100320.12, 326, 1188, 862, 102.07, 467, 619, 511, 782, -61
7/10/2022 9:51:55, Sensor_002, Graz, 21.72, 52.94, 100319.56, 345, 1248, 903, 106.63, 425, 586, 444, 733, -59
7/10/2022 9:52:6, Sensor_002, Graz, 21.69, 53.03, 100320.12, 352, 1284, 932, 110.40, 396, 561, 405, 701, -61
7/10/2022 9:52:16, Sensor_002, Graz, 21.62, 53.14, 100318.44, 340, 1250, 910, 108.12, 376, 541, 389, 680, -63
7/10/2022 9:52:27, Sensor_002, Graz, 21.60, 53.21, 100318.19, 334, 1226, 892, 105.92, 359, 524, 379, 664, -59
7/10/2022 9:52:37, Sensor_002, Graz, 21.54, 53.30, 100316.31, 316, 1167, 851, 101.28, 347, 509, 366, 653, -60
7/10/2022 9:52:48, Sensor_002, Graz, 21.50, 53.44, 100316.31, 303, 1120, 817, 97.26, 336, 497, 368, 643, -59
7/10/2022 9:52:58, Sensor_002, Graz, 21.45, 53.59, 100315.94, 300, 1111, 811, 96.62, 328, 488, 364, 636, -59
7/10/2022 9:53:9, Sensor_002, Graz, 21.40, 53.72, 100316.56, 306, 1132, 826, 98.36, 320, 479, 358, 631, -61
7/10/2022 9:53:19, Sensor_002, Graz, 21.33, 53.80, 100315.94, 315, 1163, 848, 100.91, 315, 472, 373, 626, -60
7/10/2022 9:53:30, Sensor_002, Graz, 21.28, 53.81, 100316.50, 320, 1179, 859, 102.14, 310, 465, 361, 622, -61
7/10/2022 9:53:40, Sensor_002, Graz, 21.23, 53.96, 100317.38, 321, 1180, 859, 102.05, 304, 459, 353, 618, -61
7/10/2022 9:53:51, Sensor_002, Graz, 21.23, 54.12, 100315.88, 322, 1179, 857, 101.66, 299, 453, 355, 615, -56
7/10/2022 9:54:1, Sensor_002, Graz, 21.15, 54.28, 100315.38, 315, 1154, 839, 99.55, 295, 447, 348, 612, -59
7/10/2022 9:54:12, Sensor_002, Graz, 21.11, 54.35, 100317.06, 313, 1150, 837, 99.42, 292, 443, 390, 610, -60
7/10/2022 9:54:22, Sensor_002, Graz, 21.08, 54.65, 100316.94, 315, 1151, 836, 99.10, 301, 454, 420, 632, -60
7/10/2022 9:54:33, Sensor_002, Graz, 21.09, 54.64, 100317.25, 319, 1164, 845, 100.11, 300, 455, 394, 628, -60
7/10/2022 9:54:43, Sensor_002, Graz, 21.02, 54.83, 100316.31, 325, 1180, 855, 101.10, 323, 480, 502, 669, -59
7/10/2022 9:54:54, Sensor_002, Graz, 20.99, 54.95, 100317.75, 338, 1224, 886, 104.67, 329, 492, 510, 673, -65
7/10/2022 9:55:4, Sensor_002, Graz, 20.97, 55.00, 100316.56, 340, 1233, 893, 105.55, 326, 492, 437, 661, -61
7/10/2022 9:55:15, Sensor_002, Graz, 20.94, 55.09, 100315.31, 354, 1277, 923, 108.88, 319, 484, 416, 650, -58
7/10/2022 9:55:25, Sensor_002, Graz, 20.90, 55.19, 100317.06, 364, 1310, 946, 111.49, 309, 474, 373, 635, -60
7/10/2022 10:22:19, Sensor_001, Vienna, 21.48, 53.03, 100286.88, 353, 1034, 681, 73.20, 299, 422, 500, 593, -68
7/10/2022 10:22:29, Sensor_001, Vienna, 21.49, 53.16, 100287.31, 354, 1035, 681, 73.13, 301, 422, 492, 593, -69
7/10/2022 10:22:40, Sensor_001, Vienna, 21.48, 53.14, 100287.25, 355, 1037, 682, 73.20, 301, 420, 440, 593, -67
7/10/2022 10:22:50, Sensor_001, Vienna, 21.49, 53.13, 100285.25, 363, 1064, 701, 75.37, 300, 419, 499, 592, -65
7/10/2022 10:23:1, Sensor_001, Vienna, 21.50, 53.15, 100286.12, 355, 1038, 683, 73.34, 299, 419, 465, 591, -67
7/10/2022 10:23:11, Sensor_001, Vienna, 21.49, 53.11, 100285.56, 359, 1051, 692, 74.36, 298, 417, 455, 590, -69
7/10/2022 10:23:22, Sensor_001, Vienna, 21.49, 52.95, 100285.50, 357, 1042, 685, 73.49, 296, 416, 453, 590, -68
7/10/2022 10:23:32, Sensor_001, Vienna, 21.50, 52.78, 100287.25, 358, 1048, 690, 74.14, 293, 412, 424, 589, -68
7/10/2022 10:23:43, Sensor_001, Vienna, 21.52, 52.70, 100285.94, 359, 1048, 689, 73.93, 292, 410, 437, 588, -67
7/10/2022 10:23:53, Sensor_001, Vienna, 21.49, 52.26, 100284.75, 362, 1058, 696, 74.72, 291, 410, 441, 587, -68
7/10/2022 10:24:4, Sensor_001, Vienna, 21.49, 52.45, 100286.00, 365, 1067, 702, 75.38, 289, 408, 427, 587, -67
7/10/2022 10:30:12, Sensor_001, Vienna, 21.50, 52.96, 100276.69, 409, 1186, 777, 83.08, 278, 392, 434, 579, -64
7/10/2022 10:30:22, Sensor_001, Vienna, 21.52, 52.91, 100277.44, 407, 1179, 772, 82.50, 279, 392, 438, 579, -64
7/10/2022 11:9:4, Sensor_002, Graz, 22.18, 50.59, 100230.50, 783, 2345, 1562, 169.80, 280, 378, 456, 565, -60
7/10/2022 11:9:15, Sensor_002, Graz, 22.21, 50.59, 100230.69, 782, 2345, 1563, 170.02, 280, 377, 454, 566, -62
7/10/2022 11:9:25, Sensor_002, Graz, 22.21, 50.59, 100232.31, 774, 2313, 1539, 167.12, 281, 377, 458, 565, -58
7/10/2022 11:9:36, Sensor_002, Graz, 22.21, 50.59, 100233.12, 781, 2340, 1559, 169.51, 281, 377, 463, 566, -64
7/10/2022 11:9:46, Sensor_002, Graz, 22.21, 50.62, 100232.88, 778, 2334, 1556, 169.29, 282, 376, 439, 566, -62
7/10/2022 11:9:57, Sensor_002, Graz, 22.21, 50.59, 100232.00, 785, 2354, 1569, 170.67, 282, 378, 473, 566, -63
7/10/2022 11:10:7, Sensor_002, Graz, 22.21, 50.79, 100231.69, 782, 2347, 1565, 170.31, 280, 376, 444, 564, -65
7/10/2022 11:10:18, Sensor_002, Graz, 22.21, 50.95, 100230.69, 781, 2342, 1561, 169.80, 280, 376, 434, 565, -64
7/10/2022 11:10:28, Sensor_002, Graz, 22.24, 51.18, 100229.94, 894, 2706, 1812, 198.02, 279, 375, 431, 565, -64
7/10/2022 11:10:39, Sensor_002, Graz, 22.24, 50.66, 100231.75, 766, 2314, 1548, 169.00, 280, 376, 438, 566, -63
7/10/2022 11:10:49, Sensor_002, Graz, 22.22, 50.79, 100230.88, 758, 2293, 1535, 167.70, 279, 375, 449, 564, -65
7/10/2022 11:11:0, Sensor_002, Graz, 22.22, 50.39, 100231.62, 756, 2286, 1530, 167.12, 279, 374, 449, 563, -67
7/10/2022 11:11:10, Sensor_002, Graz, 22.22, 50.37, 100233.12, 752, 2272, 1520, 165.96, 279, 375, 435, 564, -65
7/10/2022 11:11:21, Sensor_002, Graz, 22.24, 50.17, 100228.06, 747, 2253, 1506, 164.29, 277, 373, 438, 563, -64
7/10/2022 11:11:31, Sensor_002, Graz, 22.24, 50.30, 100231.44, 741, 2233, 1492, 162.69, 277, 373, 452, 563, -63
7/10/2022 11:11:42, Sensor_002, Graz, 22.24, 50.61, 100229.12, 740, 2227, 1487, 162.04, 280, 375, 451, 565, -61
7/10/2022 11:11:52, Sensor_002, Graz, 22.24, 50.59, 100231.19, 740, 2229, 1489, 162.33, 279, 375, 435, 565, -63
7/10/2022 11:12:3, Sensor_002, Graz, 22.25, 50.86, 100231.50, 741, 2234, 1493, 162.84, 278, 374, 433, 565, -62
7/10/2022 11:12:13, Sensor_002, Graz, 22.24, 51.07, 100233.81, 739, 2227, 1488, 162.26, 279, 375, 459, 565, -62
7/10/2022 11:12:24, Sensor_002, Graz, 22.25, 50.80, 100230.94, 741, 2235, 1494, 162.98, 279, 375, 459, 565, -63
7/10/2022 11:12:34, Sensor_002, Graz, 22.25, 50.64, 100230.44, 717, 2154, 1437, 156.45, 279, 374, 436, 565, -64
7/10/2022 11:12:45, Sensor_002, Graz, 22.24, 51.01, 100231.06, 717, 2159, 1442, 157.18, 279, 375, 440, 565, -63
7/10/2022 11:12:55, Sensor_002, Graz, 22.27, 51.09, 100231.19, 716, 2159, 1443, 157.40, 280, 375, 435, 565, -64
7/10/2022 11:13:6, Sensor_002, Graz, 22.25, 50.97, 100228.31, 723, 2186, 1463, 159.79, 279, 374, 431, 565, -63
7/10/2022 11:13:16, Sensor_002, Graz, 22.28, 50.80, 100228.12, 720, 2174, 1454, 158.70, 283, 376, 486, 566, -66
7/10/2022 11:13:27, Sensor_002, Graz, 22.28, 50.70, 100226.06, 741, 2235, 1494, 162.98, 282, 376, 457, 566, -64
7/10/2022 11:13:37, Sensor_002, Graz, 22.27, 50.59, 100226.88, 731, 2200, 1469, 160.08, 282, 375, 450, 565, -65
7/10/2022 11:13:48, Sensor_002, Graz, 22.27, 50.72, 100227.50, 730, 2196, 1466, 159.72, 281, 375, 433, 565, -65
7/10/2022 11:13:58, Sensor_002, Graz, 22.27, 50.65, 100229.62, 706, 2117, 1411, 153.48, 280, 373, 433, 565, -63
7/10/2022 11:14:9, Sensor_002, Graz, 22.27, 50.88, 100227.44, 713, 2142, 1429, 155.58, 281, 375, 444, 565, -64
7/10/2022 11:14:20, Sensor_002, Graz, 22.28, 50.99, 100229.50, 708, 2123, 1415, 153.92, 280, 374, 437, 565, -61
7/10/2022 11:14:30, Sensor_002, Graz, 22.30, 51.00, 100228.12, 703, 2110, 1407, 153.12, 281, 374, 457, 566, -62
7/10/2022 11:14:41, Sensor_002, Graz, 22.30, 51.00, 100227.69, 704, 2111, 1407, 153.05, 282, 377, 463, 566, -62
7/10/2022 11:14:51, Sensor_002, Graz, 22.30, 50.80, 100228.69, 707, 2121, 1414, 153.84, 281, 375, 435, 565, -61
7/10/2022 11:15:2, Sensor_002, Graz, 22.32, 50.80, 100228.44, 702, 2108, 1406, 153.05, 280, 375, 447, 565, -61
7/10/2022 11:15:12, Sensor_002, Graz, 22.31, 51.05, 100227.19, 689, 2065, 1376, 149.64, 281, 374, 449, 565, -60
7/10/2022 11:15:23, Sensor_002, Graz, 22.34, 51.13, 100228.62, 683, 2042, 1359, 147.61, 279, 374, 431, 565, -61
7/10/2022 11:15:33, Sensor_002, Graz, 22.31, 50.99, 100224.62, 681, 2035, 1354, 147.03, 279, 374, 442, 564, -62
7/10/2022 11:15:44, Sensor_002, Graz, 22.31, 50.52, 100224.81, 686, 2053, 1367, 148.55, 278, 373, 439, 564, -62
7/10/2022 11:15:54, Sensor_002, Graz, 22.32, 50.43, 100222.06, 688, 2059, 1371, 148.98, 279, 374, 461, 564, -61
7/10/2022 11:16:5, Sensor_002, Graz, 22.32, 50.55, 100222.25, 691, 2071, 1380, 150.07, 280, 374, 451, 565, -61
7/10/2022 11:16:15, Sensor_002, Graz, 22.31, 50.39, 100222.56, 692, 2073, 1381, 150.14, 283, 375, 462, 565, -61
7/10/2022 11:16:26, Sensor_002, Graz, 22.32, 50.33, 100220.44, 689, 2066, 1377, 149.78, 281, 374, 438, 563, -60
7/10/2022 11:16:36, Sensor_002, Graz, 22.31, 50.38, 100221.00, 709, 2140, 1431, 156.17, 279, 373, 442, 563, -62
7/10/2022 11:16:47, Sensor_002, Graz, 22.30, 50.24, 100222.94, 696, 2097, 1401, 152.76, 279, 373, 445, 562, -65
7/10/2022 11:16:57, Sensor_002, Graz, 22.34, 50.22, 100220.00, 700, 2109, 1409, 153.63, 281, 375, 472, 563, -63
7/10/2022 11:17:8, Sensor_002, Graz, 22.35, 50.25, 100218.44, 693, 2087, 1394, 151.96, 280, 374, 449, 563, -66
7/10/2022 11:17:18, Sensor_002, Graz, 22.34, 50.40, 100221.56, 696, 2097, 1401, 152.76, 280, 374, 435, 564, -65
7/10/2022 11:17:29, Sensor_002, Graz, 22.34, 50.46, 100220.50, 694, 2094, 1400, 152.76, 280, 374, 464, 563, -66
7/10/2022 11:17:39, Sensor_002, Graz, 22.32, 50.43, 100221.50, 697, 2101, 1404, 153.12, 282, 376, 446, 564, -65
7/10/2022 11:17:50, Sensor_002, Graz, 22.34, 50.47, 100220.00, 689, 2071, 1382, 150.51, 282, 374, 438, 564, -63
7/10/2022 11:18:0, Sensor_002, Graz, 22.31, 50.75, 100221.75, 695, 2095, 1400, 152.68, 280, 373, 436, 564, -65
7/10/2022 11:18:11, Sensor_002, Graz, 22.34, 50.77, 100219.81, 699, 2112, 1413, 154.28, 282, 374, 474, 565, -67
7/10/2022 11:18:21, Sensor_002, Graz, 22.37, 50.65, 100218.94, 697, 2105, 1408, 153.70, 283, 374, 453, 566, -67
7/10/2022 11:18:32, Sensor_002, Graz, 22.32, 50.42, 100218.44, 696, 2102, 1406, 153.48, 281, 373, 432, 565, -65
7/10/2022 11:18:42, Sensor_002, Graz, 22.35, 50.46, 100218.31, 694, 2098, 1404, 153.34, 280, 373, 434, 564, -66
7/10/2022 11:18:53, Sensor_002, Graz, 22.37, 50.53, 100218.50, 657, 1963, 1306, 141.80, 280, 372, 434, 564, -63
7/10/2022 11:19:3, Sensor_002, Graz, 22.35, 50.26, 100219.69, 661, 1976, 1315, 142.82, 281, 373, 440, 565, -64
7/10/2022 11:19:14, Sensor_002, Graz, 22.37, 50.65, 100218.75, 659, 1971, 1312, 142.53, 281, 373, 433, 565, -64
7/10/2022 11:19:24, Sensor_002, Graz, 22.35, 50.91, 100220.31, 661, 1980, 1319, 143.40, 282, 374, 473, 565, -64
7/10/2022 11:19:35, Sensor_002, Graz, 22.35, 50.52, 100218.62, 665, 1994, 1329, 144.56, 283, 374, 452, 565, -67
7/10/2022 11:19:45, Sensor_002, Graz, 22.37, 50.39, 100218.56, 670, 2004, 1334, 144.92, 282, 373, 454, 564, -63
7/10/2022 11:19:56, Sensor_002, Graz, 22.35, 50.44, 100216.50, 670, 2004, 1334, 144.92, 282, 375, 447, 564, -63
7/10/2022 11:20:6, Sensor_002, Graz, 22.35, 50.51, 100215.94, 670, 2006, 1336, 145.21, 284, 376, 468, 564, -62
7/10/2022 11:20:17, Sensor_002, Graz, 22.35, 50.41, 100218.00, 674, 2021, 1347, 146.52, 283, 374, 436, 564, -64
7/10/2022 11:20:27, Sensor_002, Graz, 22.37, 50.55, 100218.06, 673, 2019, 1346, 146.44, 281, 373, 433, 563, -62
7/10/2022 11:20:38, Sensor_002, Graz, 22.37, 50.61, 100218.00, 672, 2016, 1344, 146.23, 282, 375, 483, 564, -63
7/10/2022 11:20:48, Sensor_002, Graz, 22.35, 50.24, 100216.44, 667, 1997, 1330, 144.56, 283, 375, 451, 564, -62
7/10/2022 11:20:59, Sensor_002, Graz, 22.37, 50.30, 100215.25, 751, 2257, 1506, 164.00, 282, 374, 435, 564, -66
7/10/2022 11:21:9, Sensor_002, Graz, 22.35, 50.31, 100216.12, 743, 2235, 1492, 162.55, 282, 374, 460, 564, -64
7/10/2022 11:21:20, Sensor_002, Graz, 22.37, 50.04, 100216.31, 744, 2241, 1497, 163.20, 281, 375, 462, 562, -63
7/10/2022 11:21:30, Sensor_002, Graz, 22.37, 50.43, 100214.25, 739, 2223, 1484, 161.68, 281, 374, 452, 562, -64
7/10/2022 11:21:41, Sensor_002, Graz, 22.37, 50.01, 100214.62, 744, 2244, 1500, 163.64, 280, 373, 442, 562, -64
7/10/2022 11:21:51, Sensor_002, Graz, 22.35, 50.00, 100217.50, 744, 2240, 1496, 163.06, 281, 374, 437, 563, -64
7/10/2022 11:22:2, Sensor_002, Graz, 22.37, 50.06, 100215.62, 747, 2249, 1502, 163.71, 280, 373, 446, 561, -63
7/10/2022 11:22:13, Sensor_002, Graz, 22.35, 50.06, 100213.12, 750, 2264, 1514, 165.23, 280, 372, 448, 562, -64
7/10/2022 11:22:23, Sensor_002, Graz, 22.37, 50.16, 100215.50, 745, 2247, 1502, 163.85, 280, 372, 434, 562, -65
7/10/2022 11:22:34, Sensor_002, Graz, 22.35, 50.50, 100215.12, 745, 2251, 1506, 164.44, 279, 372, 448, 563, -66
7/10/2022 11:22:44, Sensor_002, Graz, 22.37, 50.09, 100214.31, 728, 2195, 1467, 160.01, 278, 371, 441, 561, -61
7/10/2022 11:22:55, Sensor_002, Graz, 22.38, 49.87, 100214.19, 721, 2178, 1457, 159.07, 279, 371, 433, 562, -65
7/10/2022 11:23:5, Sensor_002, Graz, 22.37, 49.80, 100213.88, 720, 2172, 1452, 158.41, 280, 373, 483, 562, -68
7/10/2022 11:23:16, Sensor_002, Graz, 22.35, 49.99, 100214.69, 717, 2165, 1448, 158.05, 280, 372, 452, 563, -67
7/10/2022 11:23:26, Sensor_002, Graz, 22.38, 49.95, 100213.62, 705, 2124, 1419, 154.71, 282, 375, 451, 563, -63
7/10/2022 11:23:37, Sensor_002, Graz, 22.35, 50.16, 100214.56, 702, 2117, 1415, 154.35, 281, 374, 460, 563, -64
7/10/2022 11:23:47, Sensor_002, Graz, 22.39, 49.93, 100212.44, 701, 2110, 1409, 153.55, 279, 372, 438, 561, -65
7/10/2022 11:23:58, Sensor_002, Graz, 22.41, 49.82, 100212.56, 697, 2101, 1404, 153.12, 279, 372, 467, 560, -64
7/10/2022 11:24:8, Sensor_002, Graz, 22.38, 49.88, 100210.69, 691, 2080, 1389, 151.38, 281, 375, 487, 562, -63
7/10/2022 11:24:19, Sensor_002, Graz, 22.37, 49.85, 100213.44, 692, 2086, 1394, 152.03, 280, 373, 436, 562, -63
7/10/2022 11:24:29, Sensor_002, Graz, 22.38, 50.53, 100209.81, 687, 2063, 1376, 149.78, 282, 373, 483, 563, -64
7/10/2022 11:24:40, Sensor_002, Graz, 22.38, 50.02, 100210.38, 672, 2027, 1355, 147.82, 280, 373, 455, 561, -62
7/10/2022 11:24:50, Sensor_002, Graz, 22.38, 49.98, 100209.06, 672, 2022, 1350, 147.10, 281, 373, 463, 562, -61
7/10/2022 11:25:1, Sensor_002, Graz, 22.39, 50.01, 100206.88, 630, 1885, 1255, 136.36, 279, 372, 444, 560, -64
7/10/2022 11:25:11, Sensor_002, Graz, 22.41, 49.79, 100205.94, 636, 1906, 1270, 138.10, 279, 371, 443, 561, -61
7/10/2022 11:25:22, Sensor_002, Graz, 22.38, 49.92, 100206.62, 640, 1920, 1280, 139.26, 279, 372, 453, 561, -61
7/10/2022 11:25:32, Sensor_002, Graz, 22.37, 49.94, 100209.88, 643, 1931, 1288, 140.21, 279, 371, 434, 562, -62
7/10/2022 11:25:43, Sensor_002, Graz, 22.39, 50.48, 100206.69, 649, 1947, 1298, 141.22, 281, 373, 468, 562, -61
7/10/2022 11:25:53, Sensor_002, Graz, 22.37, 49.88, 100204.31, 646, 1937, 1291, 140.42, 279, 371, 442, 560, -62
7/10/2022 11:26:4, Sensor_002, Graz, 22.38, 49.79, 100206.06, 642, 1926, 1284, 139.70, 281, 372, 453, 561, -63
7/10/2022 11:26:14, Sensor_002, Graz, 22.37, 49.98, 100203.94, 633, 1895, 1262, 137.16, 280, 372, 452, 561, -62
7/10/2022 11:26:25, Sensor_002, Graz, 22.38, 50.14, 100204.62, 614, 1828, 1214, 131.58, 281, 372, 447, 562, -64
7/10/2022 11:26:35, Sensor_002, Graz, 22.39, 49.82, 100205.69, 639, 1917, 1278, 139.05, 281, 372, 445, 562, -62
7/10/2022 11:26:46, Sensor_002, Graz, 22.38, 49.88, 100201.44, 638, 1910, 1272, 138.25, 279, 372, 440, 561, -63
7/10/2022 11:26:56, Sensor_002, Graz, 22.38, 49.90, 100202.56, 633, 1895, 1262, 137.16, 278, 370, 446, 560, -64
7/10/2022 11:27:7, Sensor_002, Graz, 22.39, 49.76, 100200.38, 666, 1996, 1330, 144.63, 278, 370, 436, 560, -64
7/10/2022 11:27:17, Sensor_002, Graz, 22.38, 49.74, 100201.25, 590, 1748, 1158, 125.20, 277, 369, 440, 560, -67
7/10/2022 11:27:28, Sensor_002, Graz, 22.39, 49.91, 100199.88, 588, 1740, 1152, 124.47, 278, 370, 447, 560, -68
7/10/2022 11:27:38, Sensor_002, Graz, 22.39, 49.91, 100200.44, 585, 1731, 1146, 123.82, 279, 371, 448, 560, -65
7/10/2022 11:27:49, Sensor_002, Graz, 22.41, 49.93, 100203.38, 549, 1605, 1056, 113.39, 278, 371, 439, 560, -59
7/10/2022 11:27:59, Sensor_002, Graz, 22.39, 49.94, 100201.88, 477, 1398, 921, 99.02, 277, 370, 435, 560, -63
7/10/2022 11:28:10, Sensor_002, Graz, 22.41, 49.87, 100202.44, 520, 1521, 1001, 107.51, 277, 369, 437, 560, -63
7/10/2022 11:28:20, Sensor_002, Graz, 22.39, 49.91, 100200.75, 554, 1625, 1071, 115.20, 277, 369, 436, 560, -64
7/10/2022 11:28:31, Sensor_002, Graz, 22.38, 49.93, 100203.31, 561, 1632, 1071, 114.70, 277, 369, 444, 560, -57
7/10/2022 11:28:41, Sensor_002, Graz, 22.38, 49.77, 100202.12, 379, 1149, 770, 84.21, 276, 369, 438, 560, -58
7/10/2022 11:28:52, Sensor_002, Graz, 22.38, 49.74, 100202.19, 181, 601, 420, 47.90, 276, 368, 441, 559, -58
7/10/2022 11:29:2, Sensor_002, Graz, 22.39, 49.93, 100203.06, 357, 1089, 732, 80.30, 277, 368, 439, 559, -56
7/10/2022 11:29:13, Sensor_002, Graz, 22.41, 50.23, 100200.75, 317, 961, 644, 70.43, 277, 370, 486, 560, -62
7/10/2022 11:29:23, Sensor_002, Graz, 22.38, 50.25, 100200.06, 171, 559, 388, 43.95, 278, 372, 447, 560, -61
7/10/2022 11:29:34, Sensor_002, Graz, 22.38, 50.03, 100199.19, 260, 805, 545, 60.22, 277, 370, 443, 559, -60
7/10/2022 11:29:44, Sensor_002, Graz, 22.39, 49.94, 100200.12, 485, 1406, 921, 98.46, 277, 370, 452, 559, -63
7/10/2022 11:29:55, Sensor_002, Graz, 22.38, 49.94, 100199.50, 530, 1537, 1007, 107.67, 276, 370, 440, 559, -63
7/10/2022 11:30:6, Sensor_002, Graz, 22.42, 49.95, 100198.69, 348, 1047, 699, 76.16, 277, 369, 439, 558, -63
7/10/2022 11:30:16, Sensor_002, Graz, 22.38, 49.82, 100196.06, 530, 1543, 1013, 108.54, 276, 369, 437, 558, -61
7/10/2022 11:30:27, Sensor_002, Graz, 22.39, 49.94, 100196.69, 425, 1263, 838, 90.74, 276, 369, 441, 559, -61
7/10/2022 11:30:37, Sensor_002, Graz, 22.38, 49.97, 100197.62, 550, 1612, 1062, 114.18, 278, 370, 444, 560, -61
7/10/2022 11:30:48, Sensor_002, Graz, 22.41, 50.02, 100198.12, 549, 1610, 1061, 114.11, 278, 370, 441, 560, -60
7/10/2022 11:30:58, Sensor_002, Graz, 22.41, 50.08, 100198.00, 545, 1597, 1052, 113.10, 278, 369, 451, 559, -58
7/10/2022 11:31:9, Sensor_002, Graz, 22.39, 50.23, 100197.69, 511, 1489, 978, 104.83, 277, 369, 440, 560, -63
7/10/2022 11:31:19, Sensor_002, Graz, 22.41, 50.48, 100198.94, 522, 1521, 999, 107.08, 277, 370, 449, 560, -65
7/10/2022 11:31:30, Sensor_002, Graz, 22.39, 50.14, 100197.31, 450, 1321, 871, 93.72, 277, 369, 438, 559, -64
7/10/2022 11:31:40, Sensor_002, Graz, 22.39, 50.11, 100196.75, 471, 1368, 897, 95.99, 276, 368, 434, 559, -65
7/10/2022 11:31:51, Sensor_002, Graz, 22.39, 50.18, 100199.19, 507, 1466, 959, 102.38, 277, 369, 453, 560, -65
7/10/2022 11:32:1, Sensor_002, Graz, 22.39, 50.13, 100198.44, 306, 922, 616, 67.17, 278, 369, 436, 560, -64
7/10/2022 11:32:12, Sensor_002, Graz, 22.39, 50.34, 100197.56, 376, 1107, 731, 78.78, 279, 370, 461, 560, -65
7/10/2022 11:32:22, Sensor_002, Graz, 22.39, 50.03, 100195.25, 568, 1654, 1086, 116.37, 279, 370, 456, 560, -59
7/10/2022 11:32:33, Sensor_002, Graz, 22.38, 49.83, 100196.38, 572, 1669, 1097, 117.67, 278, 369, 446, 559, -63
7/10/2022 11:32:43, Sensor_002, Graz, 22.42, 49.87, 100200.19, 563, 1661, 1098, 118.46, 278, 369, 449, 559, -68
7/10/2022 11:32:54, Sensor_002, Graz, 22.39, 50.15, 100199.94, 1444, 4474, 3030, 334.90, 279, 370, 445, 560, -60
7/10/2022 11:33:4, Sensor_002, Graz, 22.39, 50.42, 100200.94, 652, 2112, 1460, 164.71, 280, 371, 450, 560, -62
7/10/2022 11:33:15, Sensor_002, Graz, 22.39, 50.47, 100200.00, 223, 808, 585, 69.12, 281, 372, 462, 560, -62
7/10/2022 11:33:25, Sensor_002, Graz, 22.41, 50.32, 100197.81, 204, 744, 540, 63.96, 282, 373, 464, 560, -60
7/10/2022 11:33:36, Sensor_002, Graz, 22.39, 50.26, 100200.94, 969, 3010, 2041, 225.86, 283, 374, 482, 560, -62
7/10/2022 11:33:46, Sensor_002, Graz, 22.39, 50.17, 100198.94, 1313, 4038, 2725, 300.11, 283, 375, 469, 561, -61
7/10/2022 11:33:57, Sensor_002, Graz, 22.38, 50.50, 100197.25, 948, 2956, 2008, 222.61, 282, 373, 457, 560, -56
7/10/2022 11:34:7, Sensor_002, Graz, 22.38, 50.73, 100197.75, 220, 767, 547, 63.66, 281, 372, 442, 561, -63
7/10/2022 11:34:18, Sensor_002, Graz, 22.37, 50.76, 100197.88, 222, 769, 547, 63.50, 280, 372, 445, 561, -61
7/10/2022 11:34:28, Sensor_002, Graz, 22.37, 50.73, 100197.69, 212, 742, 530, 61.78, 281, 373, 460, 560, -61
7/10/2022 11:34:39, Sensor_002, Graz, 22.37, 50.58, 100199.69, 194, 684, 490, 57.29, 279, 371, 438, 558, -63
7/10/2022 11:34:49, Sensor_002, Graz, 22.38, 50.49, 100200.00, 199, 701, 502, 58.67, 278, 370, 437, 558, -63
7/10/2022 11:35:0, Sensor_002, Graz, 22.34, 50.50, 100198.12, 196, 698, 502, 58.92, 286, 376, 523, 562, -66
7/10/2022 11:35:10, Sensor_002, Graz, 22.32, 50.59, 100198.12, 239, 837, 598, 69.73, 283, 374, 454, 560, -62
7/10/2022 11:35:21, Sensor_002, Graz, 22.32, 50.81, 100197.31, 909, 2835, 1926, 213.54, 282, 373, 439, 560, -65
7/10/2022 11:35:31, Sensor_002, Graz, 22.34, 50.90, 100199.25, 1297, 3980, 2683, 295.17, 280, 372, 434, 558, -69
7/10/2022 11:35:42, Sensor_002, Graz, 22.31, 50.93, 100201.94, 1318, 4056, 2738, 301.64, 281, 371, 450, 558, -66
7/10/2022 11:35:52, Sensor_002, Graz, 22.32, 50.87, 100203.69, 1069, 3305, 2236, 246.88, 281, 371, 444, 558, -62
7/10/2022 11:36:3, Sensor_002, Graz, 22.32, 50.93, 100201.69, 1109, 3275, 2166, 233.79, 280, 370, 439, 558, -63
7/10/2022 11:36:13, Sensor_002, Graz, 22.31, 51.07, 100199.25, 1270, 3804, 2534, 275.48, 279, 370, 438, 558, -67
7/10/2022 11:36:24, Sensor_002, Graz, 22.31, 50.98, 100197.69, 1287, 3812, 2525, 272.95, 278, 369, 438, 558, -59
7/10/2022 11:36:34, Sensor_002, Graz, 22.32, 50.93, 100197.75, 1305, 3998, 2693, 296.04, 279, 369, 452, 558, -67
7/10/2022 11:36:45, Sensor_002, Graz, 22.31, 50.86, 100194.75, 905, 2648, 1743, 187.24, 279, 369, 440, 558, -60
7/10/2022 11:36:55, Sensor_002, Graz, 22.31, 50.58, 100191.75, 1316, 4020, 2704, 296.83, 279, 368, 440, 557, -66
7/10/2022 11:37:6, Sensor_002, Graz, 22.31, 50.34, 100193.75, 1293, 4007, 2714, 300.00, 278, 368, 444, 557, -62
7/10/2022 11:37:16, Sensor_002, Graz, 22.31, 50.43, 100194.25, 525, 1712, 1187, 134.31, 278, 369, 443, 557, -69
7/10/2022 11:37:27, Sensor_002, Graz, 22.32, 50.71, 100193.62, 1087, 3089, 2002, 211.75, 278, 368, 444, 557, -66
7/10/2022 11:37:37, Sensor_002, Graz, 22.31, 50.86, 100198.94, 576, 1715, 1139, 123.45, 279, 368, 437, 558, -64
7/10/2022 11:37:48, Sensor_002, Graz, 22.30, 51.14, 100200.31, 478, 1432, 954, 103.72, 278, 368, 438, 557, -66
7/10/2022 11:37:59, Sensor_002, Graz, 22.31, 51.18, 100198.56, 634, 1873, 1239, 133.76, 278, 368, 440, 556, -66
7/10/2022 11:38:9, Sensor_002, Graz, 22.32, 51.11, 100197.00, 718, 2115, 1397, 150.59, 278, 369, 445, 557, -68
7/10/2022 11:38:20, Sensor_002, Graz, 22.31, 51.07, 100196.81, 725, 2139, 1414, 152.55, 278, 368, 439, 557, -66
7/10/2022 11:38:30, Sensor_002, Graz, 22.31, 51.18, 100196.81, 719, 2119, 1400, 150.95, 278, 368, 439, 557, -66
7/10/2022 11:38:41, Sensor_002, Graz, 22.31, 51.15, 100196.94, 707, 2084, 1377, 148.49, 277, 367, 446, 556, -62
7/10/2022 11:38:51, Sensor_002, Graz, 22.30, 51.18, 100194.81, 655, 1922, 1267, 136.31, 277, 367, 441, 556, -63
7/10/2022 11:39:2, Sensor_002, Graz, 22.30, 51.13, 100195.44, 660, 1932, 1272, 136.67, 278, 367, 446, 557, -63
7/10/2022 11:39:12, Sensor_002, Graz, 22.30, 51.14, 100196.12, 675, 1980, 1305, 140.37, 279, 368, 453, 557, -64
7/10/2022 11:39:23, Sensor_002, Graz, 22.32, 51.11, 100193.69, 606, 1765, 1159, 124.21, 278, 368, 449, 557, -62
7/10/2022 11:39:33, Sensor_002, Graz, 22.34, 51.01, 100193.25, 591, 1718, 1127, 120.65, 278, 368, 444, 557, -62
7/10/2022 11:39:44, Sensor_002, Graz, 22.30, 51.05, 100187.38, 657, 1923, 1266, 136.02, 278, 368, 446, 558, -69
7/10/2022 11:39:54, Sensor_002, Graz, 22.34, 51.08, 100189.25, 655, 1917, 1262, 135.59, 278, 368, 447, 558, -68
7/10/2022 11:40:5, Sensor_002, Graz, 22.31, 50.97, 100192.06, 647, 1892, 1245, 133.70, 278, 368, 448, 558, -63
7/10/2022 11:40:15, Sensor_002, Graz, 22.31, 50.88, 100194.81, 640, 1867, 1227, 131.60, 279, 369, 459, 558, -63
7/10/2022 11:40:26, Sensor_002, Graz, 22.32, 50.92, 100193.88, 635, 1851, 1216, 130.37, 279, 368, 449, 559, -62
7/10/2022 11:40:36, Sensor_002, Graz, 22.32, 50.93, 100194.38, 629, 1828, 1199, 128.35, 279, 368, 450, 557, -62
7/10/2022 11:40:47, Sensor_002, Graz, 22.31, 50.92, 100194.44, 621, 1804, 1183, 126.61, 279, 368, 445, 558, -63
7/10/2022 11:40:57, Sensor_002, Graz, 22.32, 50.70, 100194.88, 620, 1802, 1182, 126.53, 279, 369, 451, 558, -66
7/10/2022 11:41:8, Sensor_002, Graz, 22.30, 50.42, 100195.12, 635, 1849, 1214, 130.08, 278, 368, 446, 558, -65
7/10/2022 11:41:18, Sensor_002, Graz, 22.31, 50.36, 100185.38, 612, 1779, 1167, 124.94, 278, 368, 449, 557, -64
7/10/2022 11:41:29, Sensor_002, Graz, 22.31, 50.47, 100190.62, 607, 1762, 1155, 123.56, 278, 368, 446, 557, -63
7/10/2022 11:41:39, Sensor_002, Graz, 22.31, 50.61, 100192.19, 630, 1838, 1208, 129.57, 279, 369, 445, 558, -63
7/10/2022 11:41:50, Sensor_002, Graz, 22.34, 50.82, 100187.69, 1110, 3361, 2251, 246.04, 280, 370, 457, 558, -66
7/10/2022 11:42:0, Sensor_002, Graz, 22.32, 51.13, 100189.00, 585, 1689, 1104, 117.77, 279, 368, 440, 557, -61
7/10/2022 11:42:11, Sensor_002, Graz, 22.30, 51.34, 100191.38, 580, 1675, 1095, 116.82, 278, 368, 438, 557, -61
7/10/2022 11:42:21, Sensor_002, Graz, 22.31, 51.36, 100190.19, 585, 1689, 1104, 117.77, 277, 366, 436, 557, -61
7/10/2022 11:42:32, Sensor_002, Graz, 22.31, 51.26, 100192.69, 588, 1703, 1115, 119.14, 277, 366, 436, 556, -63
7/10/2022 11:42:42, Sensor_002, Graz, 22.31, 51.13, 100189.25, 591, 1711, 1120, 119.65, 277, 367, 451, 557, -61
7/10/2022 11:42:53, Sensor_002, Graz, 22.32, 51.07, 100180.12, 589, 1704, 1115, 119.07, 276, 366, 441, 556, -62
7/10/2022 11:43:3, Sensor_002, Graz, 22.32, 50.99, 100184.62, 593, 1718, 1125, 120.23, 277, 366, 442, 556, -57
7/10/2022 11:43:14, Sensor_002, Graz, 22.32, 51.04, 100180.62, 594, 1721, 1127, 120.44, 276, 365, 441, 556, -59
7/10/2022 11:43:24, Sensor_002, Graz, 22.32, 50.96, 100186.81, 589, 1705, 1116, 119.21, 276, 366, 445, 557, -59
7/10/2022 11:43:35, Sensor_002, Graz, 22.32, 50.99, 100185.75, 580, 1677, 1097, 117.11, 278, 366, 451, 558, -62
7/10/2022 11:43:45, Sensor_002, Graz, 22.34, 50.78, 100180.31, 592, 1715, 1123, 120.01, 278, 368, 452, 558, -59
7/10/2022 11:43:56, Sensor_002, Graz, 22.32, 50.71, 100182.38, 593, 1722, 1129, 120.80, 279, 368, 460, 558, -62
7/10/2022 11:44:6, Sensor_002, Graz, 22.32, 50.70, 100187.00, 590, 1711, 1121, 119.86, 279, 369, 459, 558, -61
7/10/2022 11:44:17, Sensor_002, Graz, 22.35, 50.52, 100187.69, 600, 1739, 1139, 121.75, 281, 370, 464, 558, -62
7/10/2022 11:44:27, Sensor_002, Graz, 22.34, 50.52, 100189.19, 595, 1722, 1127, 120.37, 284, 372, 468, 559, -63
7/10/2022 11:44:38, Sensor_002, Graz, 22.35, 50.66, 100188.38, 594, 1719, 1125, 120.16, 284, 373, 462, 559, -63
7/10/2022 11:44:48, Sensor_002, Graz, 22.34, 50.66, 100189.81, 593, 1718, 1125, 120.23, 282, 372, 463, 558, -61
7/10/2022 11:44:59, Sensor_002, Graz, 22.34, 50.78, 100185.81, 588, 1700, 1112, 118.71, 281, 371, 454, 558, -63
7/10/2022 11:45:9, Sensor_002, Graz, 22.35, 50.82, 100185.94, 591, 1712, 1121, 119.79, 282, 372, 468, 558, -63
7/10/2022 11:45:20, Sensor_002, Graz, 22.35, 50.76, 100184.50, 596, 1727, 1131, 120.88, 283, 373, 471, 558, -65
7/10/2022 11:45:30, Sensor_002, Graz, 22.38, 50.73, 100187.19, 600, 1743, 1143, 122.32, 282, 372, 462, 559, -64
7/10/2022 11:45:41, Sensor_002, Graz, 22.35, 50.61, 100187.06, 598, 1736, 1138, 121.75, 282, 372, 445, 559, -64
7/10/2022 11:45:52, Sensor_002, Graz, 22.37, 50.71, 100186.56, 591, 1713, 1122, 119.94, 281, 371, 444, 559, -64
7/10/2022 11:46:2, Sensor_002, Graz, 22.37, 50.73, 100184.19, 599, 1740, 1141, 122.11, 281, 371, 441, 559, -64
7/10/2022 11:46:13, Sensor_002, Graz, 22.35, 50.69, 100182.69, 598, 1738, 1140, 122.03, 280, 370, 444, 559, -64
7/10/2022 11:46:23, Sensor_002, Graz, 22.37, 50.70, 100182.81, 589, 1707, 1118, 119.50, 281, 370, 458, 558, -63
7/10/2022 11:46:34, Sensor_002, Graz, 22.34, 50.70, 100183.69, 592, 1719, 1127, 120.58, 281, 371, 446, 558, -62
7/10/2022 11:46:44, Sensor_002, Graz, 22.38, 50.70, 100184.00, 582, 1697, 1115, 119.56, 281, 370, 453, 558, -64
7/10/2022 11:46:55, Sensor_002, Graz, 22.37, 50.76, 100181.44, 587, 1713, 1126, 120.79, 282, 371, 451, 559, -65
7/10/2022 11:47:5, Sensor_002, Graz, 22.38, 50.78, 100184.06, 602, 1755, 1153, 123.62, 282, 372, 462, 559, -62
7/10/2022 11:47:16, Sensor_002, Graz, 22.37, 50.74, 100184.69, 603, 1759, 1156, 123.99, 283, 372, 481, 559, -63
7/10/2022 11:47:26, Sensor_002, Graz, 22.38, 50.60, 100185.88, 609, 1778, 1169, 125.43, 282, 371, 447, 558, -63
7/10/2022 11:47:37, Sensor_002, Graz, 22.38, 50.60, 100187.56, 607, 1772, 1165, 125.00, 281, 371, 444, 558, -65
7/10/2022 11:47:47, Sensor_002, Graz, 22.39, 50.73, 100185.50, 605, 1765, 1160, 124.42, 281, 370, 453, 558, -66
7/10/2022 11:47:58, Sensor_002, Graz, 22.41, 50.73, 100188.00, 608, 1776, 1168, 125.36, 281, 371, 448, 558, -65
7/10/2022 11:48:8, Sensor_002, Graz, 22.41, 50.72, 100186.25, 612, 1790, 1178, 126.52, 281, 371, 449, 559, -64
7/10/2022 11:48:19, Sensor_002, Graz, 22.38, 50.70, 100182.94, 613, 1795, 1182, 127.03, 282, 372, 461, 559, -64
7/10/2022 11:48:29, Sensor_002, Graz, 22.38, 50.73, 100180.12, 611, 1789, 1178, 126.59, 282, 372, 471, 559, -65
7/10/2022 11:48:40, Sensor_002, Graz, 22.38, 50.63, 100184.69, 613, 1794, 1181, 126.88, 282, 373, 456, 559, -65
7/10/2022 11:48:50, Sensor_002, Graz, 22.39, 50.73, 100186.75, 612, 1792, 1180, 126.81, 282, 372, 451, 559, -65
7/10/2022 11:49:48, Sensor_002, Graz, 22.44, 50.96, 100184.00, 549, 1670, 1121, 122.80, 277, 367, 433, 554, -61
7/10/2022 11:49:59, Sensor_002, Graz, 22.47, 50.90, 100181.50, 566, 1723, 1157, 126.79, 276, 366, 432, 554, -58
7/10/2022 11:50:9, Sensor_002, Graz, 22.47, 50.95, 100183.50, 567, 1727, 1160, 127.16, 276, 365, 432, 554, -58
7/10/2022 11:50:20, Sensor_002, Graz, 22.47, 50.95, 100182.31, 568, 1735, 1167, 128.10, 276, 365, 435, 555, -62
7/10/2022 11:50:30, Sensor_002, Graz, 22.49, 50.97, 100181.06, 569, 1736, 1167, 128.03, 276, 365, 434, 554, -60
7/10/2022 11:50:41, Sensor_002, Graz, 22.49, 50.93, 100182.00, 571, 1745, 1174, 128.90, 276, 365, 435, 554, -60
7/10/2022 11:50:51, Sensor_002, Graz, 22.49, 50.96, 100183.25, 573, 1750, 1177, 129.19, 275, 364, 433, 554, -61
7/10/2022 11:51:2, Sensor_002, Graz, 22.52, 50.90, 100185.50, 574, 1755, 1181, 129.70, 275, 363, 434, 554, -59
7/10/2022 11:51:12, Sensor_002, Graz, 22.51, 50.83, 100182.19, 574, 1756, 1182, 129.85, 275, 363, 432, 554, -62
7/10/2022 11:51:23, Sensor_002, Graz, 22.54, 50.88, 100184.12, 570, 1742, 1172, 128.68, 274, 363, 435, 554, -60
7/10/2022 11:51:33, Sensor_002, Graz, 22.54, 50.88, 100185.81, 567, 1733, 1166, 128.03, 275, 362, 434, 555, -60
7/10/2022 11:51:44, Sensor_002, Graz, 22.54, 50.80, 100186.25, 566, 1729, 1163, 127.67, 274, 363, 434, 555, -63
7/10/2022 11:51:54, Sensor_002, Graz, 22.52, 50.82, 100185.50, 567, 1734, 1167, 128.18, 275, 363, 435, 555, -63
7/10/2022 11:52:5, Sensor_002, Graz, 22.55, 50.86, 100184.69, 555, 1702, 1147, 126.15, 275, 363, 435, 556, -60
7/10/2022 11:52:15, Sensor_002, Graz, 22.56, 50.87, 100182.81, 555, 1700, 1145, 125.86, 274, 363, 436, 556, -59
7/10/2022 11:52:26, Sensor_002, Graz, 22.56, 50.80, 100184.38, 551, 1687, 1136, 124.84, 275, 363, 436, 556, -60
7/10/2022 11:52:36, Sensor_002, Graz, 22.56, 50.80, 100184.31, 562, 1694, 1132, 123.45, 275, 363, 436, 556, -57
7/10/2022 11:52:47, Sensor_002, Graz, 22.58, 50.75, 100182.06, 562, 1695, 1133, 123.60, 275, 364, 442, 556, -58
7/10/2022 11:52:57, Sensor_002, Graz, 22.59, 50.72, 100179.62, 552, 1673, 1121, 122.58, 276, 363, 435, 556, -57
7/10/2022 11:53:8, Sensor_002, Graz, 22.59, 50.67, 100181.19, 559, 1693, 1134, 123.96, 275, 363, 433, 555, -59
7/10/2022 11:53:18, Sensor_002, Graz, 22.59, 50.67, 100182.94, 546, 1661, 1115, 122.15, 274, 363, 433, 556, -63
7/10/2022 11:53:29, Sensor_002, Graz, 22.59, 50.71, 100185.81, 546, 1663, 1117, 122.44, 275, 363, 434, 556, -60
7/10/2022 11:53:39, Sensor_002, Graz, 22.60, 50.72, 100182.56, 571, 1737, 1166, 127.74, 275, 363, 435, 556, -60
7/10/2022 11:53:50, Sensor_002, Graz, 22.62, 50.65, 100183.19, 570, 1738, 1168, 128.10, 275, 363, 435, 556, -62
7/10/2022 11:54:0, Sensor_002, Graz, 22.62, 50.59, 100182.56, 572, 1742, 1170, 128.25, 275, 362, 434, 555, -64
7/10/2022 11:54:11, Sensor_002, Graz, 22.62, 50.50, 100181.50, 572, 1744, 1172, 128.54, 274, 362, 434, 556, -62
7/10/2022 11:54:21, Sensor_002, Graz, 22.62, 50.53, 100185.00, 572, 1747, 1175, 128.97, 274, 362, 435, 556, -63
7/10/2022 11:54:32, Sensor_002, Graz, 22.63, 50.64, 100184.19, 560, 1712, 1152, 126.51, 274, 362, 435, 556, -61
7/10/2022 11:54:42, Sensor_002, Graz, 22.63, 50.59, 100186.69, 556, 1698, 1142, 125.35, 274, 362, 435, 555, -60
7/10/2022 11:54:53, Sensor_002, Graz, 22.65, 50.63, 100184.31, 553, 1686, 1133, 124.26, 274, 363, 435, 556, -62
7/10/2022 11:55:3, Sensor_002, Graz, 22.66, 50.54, 100185.88, 549, 1673, 1124, 123.24, 275, 362, 434, 556, -61
7/10/2022 11:55:14, Sensor_002, Graz, 22.66, 50.57, 100187.00, 553, 1683, 1130, 123.82, 274, 362, 433, 556, -61
7/10/2022 11:55:24, Sensor_002, Graz, 22.68, 50.55, 100187.44, 558, 1697, 1139, 124.76, 274, 362, 434, 556, -65
7/10/2022 11:55:35, Sensor_002, Graz, 22.68, 50.53, 100186.94, 555, 1686, 1131, 123.82, 274, 362, 434, 556, -62
7/10/2022 11:55:45, Sensor_002, Graz, 22.65, 50.49, 100182.56, 552, 1675, 1123, 122.88, 274, 362, 433, 556, -62
7/10/2022 11:55:56, Sensor_002, Graz, 22.70, 50.51, 100182.94, 553, 1681, 1128, 123.53, 274, 362, 435, 556, -61
7/10/2022 11:56:6, Sensor_002, Graz, 22.70, 50.42, 100184.94, 547, 1665, 1118, 122.52, 274, 362, 435, 556, -59
7/10/2022 11:56:17, Sensor_002, Graz, 22.69, 50.35, 100183.06, 548, 1672, 1124, 123.32, 274, 362, 436, 556, -58
7/10/2022 11:56:27, Sensor_002, Graz, 22.70, 50.39, 100178.12, 542, 1659, 1117, 122.74, 274, 362, 435, 555, -60
7/10/2022 11:57:10, Sensor_002, Graz, 22.68, 50.48, 100179.75, 678, 2139, 1461, 162.86, 274, 362, 438, 556, -60
7/10/2022 11:57:20, Sensor_002, Graz, 22.69, 50.35, 100180.00, 676, 2133, 1457, 162.42, 274, 362, 442, 556, -60
7/10/2022 11:57:31, Sensor_002, Graz, 22.66, 50.27, 100181.56, 670, 2110, 1440, 160.38, 274, 362, 437, 556, -60
7/10/2022 11:57:41, Sensor_002, Graz, 22.65, 50.43, 100179.56, 667, 2100, 1433, 159.59, 275, 362, 439, 555, -61
7/10/2022 11:57:52, Sensor_002, Graz, 22.66, 50.47, 100174.56, 668, 2108, 1440, 160.54, 275, 361, 435, 556, -60
7/10/2022 11:58:2, Sensor_002, Graz, 22.65, 50.52, 100175.75, 664, 2095, 1431, 159.52, 274, 361, 435, 556, -59
7/10/2022 11:58:13, Sensor_002, Graz, 22.65, 50.54, 100176.69, 671, 2119, 1448, 161.48, 274, 362, 440, 555, -59
7/10/2022 11:58:23, Sensor_002, Graz, 22.60, 50.10, 100178.75, 671, 2117, 1446, 161.19, 274, 361, 442, 554, -58
7/10/2022 11:58:34, Sensor_002, Graz, 22.60, 50.24, 100179.38, 669, 2112, 1443, 160.90, 275, 362, 437, 555, -60
7/10/2022 11:58:44, Sensor_002, Graz, 22.60, 50.41, 100180.06, 668, 2106, 1438, 160.24, 275, 362, 434, 555, -58
7/10/2022 11:58:55, Sensor_002, Graz, 22.62, 50.54, 100180.31, 665, 2100, 1435, 160.03, 275, 362, 437, 555, -60
7/10/2022 11:59:5, Sensor_002, Graz, 22.62, 50.60, 100177.50, 667, 2104, 1437, 160.17, 274, 361, 436, 555, -62
7/10/2022 11:59:16, Sensor_002, Graz, 22.59, 50.62, 100179.00, 666, 2103, 1437, 160.25, 274, 361, 437, 556, -58
7/10/2022 11:59:26, Sensor_002, Graz, 22.59, 50.63, 100178.69, 660, 2083, 1423, 158.65, 274, 361, 435, 556, -61
7/10/2022 11:59:37, Sensor_002, Graz, 22.59, 50.63, 100178.31, 658, 2076, 1418, 158.07, 274, 362, 436, 555, -61
7/10/2022 11:59:47, Sensor_002, Graz, 22.60, 50.64, 100179.12, 656, 2070, 1414, 157.63, 274, 361, 435, 555, -62
7/10/2022 11:59:58, Sensor_002, Graz, 22.58, 50.75, 100177.75, 654, 2062, 1408, 156.91, 274, 362, 437, 556, -58
7/10/2022 12:0:8, Sensor_002, Graz, 22.59, 50.75, 100178.06, 657, 2075, 1418, 158.14, 275, 362, 436, 556, -62
7/10/2022 12:0:19, Sensor_002, Graz, 22.58, 50.76, 100179.62, 655, 2067, 1412, 157.42, 275, 362, 437, 555, -61
7/10/2022 12:0:29, Sensor_002, Graz, 22.55, 50.65, 100173.25, 654, 2065, 1411, 157.35, 274, 361, 437, 555, -61
7/10/2022 12:0:40, Sensor_002, Graz, 22.56, 50.73, 100171.62, 658, 2081, 1423, 158.80, 274, 361, 435, 555, -59
7/10/2022 12:0:50, Sensor_002, Graz, 22.55, 50.78, 100173.25, 659, 2083, 1424, 158.87, 274, 362, 436, 555, -60
7/10/2022 12:1:1, Sensor_002, Graz, 22.55, 50.80, 100174.31, 547, 1713, 1166, 129.53, 273, 361, 440, 554, -62
7/10/2022 12:1:11, Sensor_002, Graz, 22.55, 50.70, 100178.19, 549, 1720, 1171, 130.11, 275, 361, 438, 554, -63
7/10/2022 12:1:22, Sensor_002, Graz, 22.54, 50.84, 100173.62, 543, 1698, 1155, 128.22, 274, 361, 437, 554, -65
7/10/2022 12:1:32, Sensor_002, Graz, 22.54, 50.75, 100173.25, 545, 1707, 1162, 129.09, 274, 361, 444, 554, -64
